Files Compared,ORB,SSIM
"('1.png', '2.png')",1.0,1.0
"('1.png', '3.png')",1.0,1.0
"('1.png', '4.png')",1.0,1.0
"('1.png', '5.png')",1.0,0.9957190701052431
"('1.png', '6.png')",0.9973118279569892,0.9901345563811735
"('1.png', '7.png')",1.0,0.9800635866333184
"('1.png', '8.png')",1.0,1.0
"('1.png', '9.png')",1.0,0.997577460114052
"('1.png', '10.png')",1.0,0.9810987050206168
"('1.png', '11.png')",1.0,1.0
"('1.png', '12.png')",1.0,0.9940225004487497
"('1.png', '13.png')",0.9968152866242038,0.9642396148117282
"('1.png', '14.png')",1.0,1.0
"('1.png', '15.png')",1.0,0.95835317957537
"('1.png', '16.png')",1.0,1.0
"('1.png', '17.png')",1.0,1.0
"('1.png', '18.png')",1.0,0.9719978854125669
"('1.png', '19.png')",1.0,0.9942790452132364
"('1.png', '20.png')",1.0,0.9535376147761978
"('1.png', '21.png')",1.0,0.9819491011057208
"('1.png', '22.png')",1.0,0.997762204709712
"('1.png', '23.png')",1.0,0.9819890568531581
"('1.png', '24.png')",1.0,1.0
"('1.png', '25.png')",1.0,1.0
"('1.png', '26.png')",1.0,0.9646859187911795
"('1.png', '27.png')",1.0,0.9691994661432085
"('1.png', '28.png')",1.0,0.977934064952105
"('1.png', '29.png')",0.9970059880239521,0.9472037313387158
"('1.png', '30.png')",1.0,0.9830753775968534
"('1.png', '31.png')",1.0,0.9924596607597733
"('1.png', '32.png')",1.0,1.0
"('1.png', '33.png')",1.0,0.9586493612652176
"('1.png', '34.png')",1.0,1.0
"('1.png', '35.png')",0.9956521739130435,0.9420447342483497
"('1.png', '36.png')",1.0,1.0
"('1.png', '37.png')",1.0,1.0
"('1.png', '38.png')",1.0,0.9750650606839614
"('1.png', '39.png')",1.0,1.0
"('1.png', '40.png')",1.0,1.0
"('1.png', '41.png')",0.9943502824858758,0.9419127746203745
"('1.png', '42.png')",1.0,0.9751080236161894
"('1.png', '43.png')",1.0,0.9834885784198882
"('1.png', '44.png')",1.0,1.0
"('1.png', '45.png')",1.0,0.960948953667358
"('1.png', '46.png')",1.0,0.9864626079530335
"('1.png', '47.png')",0.9965397923875432,0.9662117324421188
"('1.png', '48.png')",1.0,0.997577460114052
"('1.png', '49.png')",1.0,0.9285250519342257
"('1.png', '50.png')",1.0,0.9944837077361744
"('1.png', '51.png')",1.0,0.9460174504371762
"('1.png', '52.png')",1.0,0.9513355719168303
"('1.png', '53.png')",1.0,0.9377082249061681
"('1.png', '54.png')",1.0,1.0
"('1.png', '55.png')",1.0,1.0
"('1.png', '56.png')",1.0,0.9883579609940104
"('1.png', '57.png')",1.0,1.0
"('1.png', '58.png')",1.0,0.8870774662712265
"('1.png', '59.png')",0.9966996699669967,0.9757993038571725
"('1.png', '60.png')",1.0,0.9850319586955353
"('1.png', '61.png')",1.0,1.0
"('1.png', '62.png')",1.0,1.0
"('1.png', '63.png')",1.0,0.9891547070089262
"('1.png', '64.png')",1.0,0.9978417478701961
"('2.png', '3.png')",1.0,1.0
"('2.png', '4.png')",1.0,1.0
"('2.png', '5.png')",1.0,0.9957190701052431
"('2.png', '6.png')",0.9973118279569892,0.9901345563811735
"('2.png', '7.png')",1.0,0.9800635866333184
"('2.png', '8.png')",1.0,1.0
"('2.png', '9.png')",1.0,0.997577460114052
"('2.png', '10.png')",1.0,0.9810987050206168
"('2.png', '11.png')",1.0,1.0
"('2.png', '12.png')",1.0,0.9940225004487497
"('2.png', '13.png')",0.9968152866242038,0.9642396148117282
"('2.png', '14.png')",1.0,1.0
"('2.png', '15.png')",1.0,0.95835317957537
"('2.png', '16.png')",1.0,1.0
"('2.png', '17.png')",1.0,1.0
"('2.png', '18.png')",1.0,0.9719978854125669
"('2.png', '19.png')",1.0,0.9942790452132364
"('2.png', '20.png')",1.0,0.9535376147761978
"('2.png', '21.png')",1.0,0.9819491011057208
"('2.png', '22.png')",1.0,0.997762204709712
"('2.png', '23.png')",1.0,0.9819890568531581
"('2.png', '24.png')",1.0,1.0
"('2.png', '25.png')",1.0,1.0
"('2.png', '26.png')",1.0,0.9646859187911795
"('2.png', '27.png')",1.0,0.9691994661432085
"('2.png', '28.png')",1.0,0.977934064952105
"('2.png', '29.png')",0.9970059880239521,0.9472037313387158
"('2.png', '30.png')",1.0,0.9830753775968534
"('2.png', '31.png')",1.0,0.9924596607597733
"('2.png', '32.png')",1.0,1.0
"('2.png', '33.png')",1.0,0.9586493612652176
"('2.png', '34.png')",1.0,1.0
"('2.png', '35.png')",0.9956521739130435,0.9420447342483497
"('2.png', '36.png')",1.0,1.0
"('2.png', '37.png')",1.0,1.0
"('2.png', '38.png')",1.0,0.9750650606839614
"('2.png', '39.png')",1.0,1.0
"('2.png', '40.png')",1.0,1.0
"('2.png', '41.png')",0.9943502824858758,0.9419127746203745
"('2.png', '42.png')",1.0,0.9751080236161894
"('2.png', '43.png')",1.0,0.9834885784198882
"('2.png', '44.png')",1.0,1.0
"('2.png', '45.png')",1.0,0.960948953667358
"('2.png', '46.png')",1.0,0.9864626079530335
"('2.png', '47.png')",0.9965397923875432,0.9662117324421188
"('2.png', '48.png')",1.0,0.997577460114052
"('2.png', '49.png')",1.0,0.9285250519342257
"('2.png', '50.png')",1.0,0.9944837077361744
"('2.png', '51.png')",1.0,0.9460174504371762
"('2.png', '52.png')",1.0,0.9513355719168303
"('2.png', '53.png')",1.0,0.9377082249061681
"('2.png', '54.png')",1.0,1.0
"('2.png', '55.png')",1.0,1.0
"('2.png', '56.png')",1.0,0.9883579609940104
"('2.png', '57.png')",1.0,1.0
"('2.png', '58.png')",1.0,0.8870774662712265
"('2.png', '59.png')",0.9966996699669967,0.9757993038571725
"('2.png', '60.png')",1.0,0.9850319586955353
"('2.png', '61.png')",1.0,1.0
"('2.png', '62.png')",1.0,1.0
"('2.png', '63.png')",1.0,0.9891547070089262
"('2.png', '64.png')",1.0,0.9978417478701961
"('3.png', '4.png')",1.0,1.0
"('3.png', '5.png')",1.0,0.9957190701052431
"('3.png', '6.png')",0.9973118279569892,0.9901345563811735
"('3.png', '7.png')",1.0,0.9800635866333184
"('3.png', '8.png')",1.0,1.0
"('3.png', '9.png')",1.0,0.997577460114052
"('3.png', '10.png')",1.0,0.9810987050206168
"('3.png', '11.png')",1.0,1.0
"('3.png', '12.png')",1.0,0.9940225004487497
"('3.png', '13.png')",0.9968152866242038,0.9642396148117282
"('3.png', '14.png')",1.0,1.0
"('3.png', '15.png')",1.0,0.95835317957537
"('3.png', '16.png')",1.0,1.0
"('3.png', '17.png')",1.0,1.0
"('3.png', '18.png')",1.0,0.9719978854125669
"('3.png', '19.png')",1.0,0.9942790452132364
"('3.png', '20.png')",1.0,0.9535376147761978
"('3.png', '21.png')",1.0,0.9819491011057208
"('3.png', '22.png')",1.0,0.997762204709712
"('3.png', '23.png')",1.0,0.9819890568531581
"('3.png', '24.png')",1.0,1.0
"('3.png', '25.png')",1.0,1.0
"('3.png', '26.png')",1.0,0.9646859187911795
"('3.png', '27.png')",1.0,0.9691994661432085
"('3.png', '28.png')",1.0,0.977934064952105
"('3.png', '29.png')",0.9970059880239521,0.9472037313387158
"('3.png', '30.png')",1.0,0.9830753775968534
"('3.png', '31.png')",1.0,0.9924596607597733
"('3.png', '32.png')",1.0,1.0
"('3.png', '33.png')",1.0,0.9586493612652176
"('3.png', '34.png')",1.0,1.0
"('3.png', '35.png')",0.9956521739130435,0.9420447342483497
"('3.png', '36.png')",1.0,1.0
"('3.png', '37.png')",1.0,1.0
"('3.png', '38.png')",1.0,0.9750650606839614
"('3.png', '39.png')",1.0,1.0
"('3.png', '40.png')",1.0,1.0
"('3.png', '41.png')",0.9943502824858758,0.9419127746203745
"('3.png', '42.png')",1.0,0.9751080236161894
"('3.png', '43.png')",1.0,0.9834885784198882
"('3.png', '44.png')",1.0,1.0
"('3.png', '45.png')",1.0,0.960948953667358
"('3.png', '46.png')",1.0,0.9864626079530335
"('3.png', '47.png')",0.9965397923875432,0.9662117324421188
"('3.png', '48.png')",1.0,0.997577460114052
"('3.png', '49.png')",1.0,0.9285250519342257
"('3.png', '50.png')",1.0,0.9944837077361744
"('3.png', '51.png')",1.0,0.9460174504371762
"('3.png', '52.png')",1.0,0.9513355719168303
"('3.png', '53.png')",1.0,0.9377082249061681
"('3.png', '54.png')",1.0,1.0
"('3.png', '55.png')",1.0,1.0
"('3.png', '56.png')",1.0,0.9883579609940104
"('3.png', '57.png')",1.0,1.0
"('3.png', '58.png')",1.0,0.8870774662712265
"('3.png', '59.png')",0.9966996699669967,0.9757993038571725
"('3.png', '60.png')",1.0,0.9850319586955353
"('3.png', '61.png')",1.0,1.0
"('3.png', '62.png')",1.0,1.0
"('3.png', '63.png')",1.0,0.9891547070089262
"('3.png', '64.png')",1.0,0.9978417478701961
"('4.png', '5.png')",1.0,0.9957190701052431
"('4.png', '6.png')",0.9973118279569892,0.9901345563811735
"('4.png', '7.png')",1.0,0.9800635866333184
"('4.png', '8.png')",1.0,1.0
"('4.png', '9.png')",1.0,0.997577460114052
"('4.png', '10.png')",1.0,0.9810987050206168
"('4.png', '11.png')",1.0,1.0
"('4.png', '12.png')",1.0,0.9940225004487497
"('4.png', '13.png')",0.9968152866242038,0.9642396148117282
"('4.png', '14.png')",1.0,1.0
"('4.png', '15.png')",1.0,0.95835317957537
"('4.png', '16.png')",1.0,1.0
"('4.png', '17.png')",1.0,1.0
"('4.png', '18.png')",1.0,0.9719978854125669
"('4.png', '19.png')",1.0,0.9942790452132364
"('4.png', '20.png')",1.0,0.9535376147761978
"('4.png', '21.png')",1.0,0.9819491011057208
"('4.png', '22.png')",1.0,0.997762204709712
"('4.png', '23.png')",1.0,0.9819890568531581
"('4.png', '24.png')",1.0,1.0
"('4.png', '25.png')",1.0,1.0
"('4.png', '26.png')",1.0,0.9646859187911795
"('4.png', '27.png')",1.0,0.9691994661432085
"('4.png', '28.png')",1.0,0.977934064952105
"('4.png', '29.png')",0.9970059880239521,0.9472037313387158
"('4.png', '30.png')",1.0,0.9830753775968534
"('4.png', '31.png')",1.0,0.9924596607597733
"('4.png', '32.png')",1.0,1.0
"('4.png', '33.png')",1.0,0.9586493612652176
"('4.png', '34.png')",1.0,1.0
"('4.png', '35.png')",0.9956521739130435,0.9420447342483497
"('4.png', '36.png')",1.0,1.0
"('4.png', '37.png')",1.0,1.0
"('4.png', '38.png')",1.0,0.9750650606839614
"('4.png', '39.png')",1.0,1.0
"('4.png', '40.png')",1.0,1.0
"('4.png', '41.png')",0.9943502824858758,0.9419127746203745
"('4.png', '42.png')",1.0,0.9751080236161894
"('4.png', '43.png')",1.0,0.9834885784198882
"('4.png', '44.png')",1.0,1.0
"('4.png', '45.png')",1.0,0.960948953667358
"('4.png', '46.png')",1.0,0.9864626079530335
"('4.png', '47.png')",0.9965397923875432,0.9662117324421188
"('4.png', '48.png')",1.0,0.997577460114052
"('4.png', '49.png')",1.0,0.9285250519342257
"('4.png', '50.png')",1.0,0.9944837077361744
"('4.png', '51.png')",1.0,0.9460174504371762
"('4.png', '52.png')",1.0,0.9513355719168303
"('4.png', '53.png')",1.0,0.9377082249061681
"('4.png', '54.png')",1.0,1.0
"('4.png', '55.png')",1.0,1.0
"('4.png', '56.png')",1.0,0.9883579609940104
"('4.png', '57.png')",1.0,1.0
"('4.png', '58.png')",1.0,0.8870774662712265
"('4.png', '59.png')",0.9966996699669967,0.9757993038571725
"('4.png', '60.png')",1.0,0.9850319586955353
"('4.png', '61.png')",1.0,1.0
"('4.png', '62.png')",1.0,1.0
"('4.png', '63.png')",1.0,0.9891547070089262
"('4.png', '64.png')",1.0,0.9978417478701961
"('5.png', '6.png')",1.0,0.9858536264864166
"('5.png', '7.png')",1.0,0.9757826567385616
"('5.png', '8.png')",1.0,0.9957190701052431
"('5.png', '9.png')",1.0,0.9932965302192952
"('5.png', '10.png')",0.994579945799458,0.97681777512586
"('5.png', '11.png')",1.0,0.9957190701052431
"('5.png', '12.png')",1.0,0.9897415705539929
"('5.png', '13.png')",1.0,0.9599586849169711
"('5.png', '14.png')",1.0,0.9957190701052431
"('5.png', '15.png')",0.9969879518072289,0.954072249680613
"('5.png', '16.png')",1.0,0.9957190701052431
"('5.png', '17.png')",1.0,0.9957190701052431
"('5.png', '18.png')",0.9969135802469136,0.96771695551781
"('5.png', '19.png')",1.0,0.9899981153184795
"('5.png', '20.png')",1.0,0.9492566848814409
"('5.png', '21.png')",0.997289972899729,0.9776681712109637
"('5.png', '22.png')",1.0,0.9934812748149552
"('5.png', '23.png')",0.9973118279569892,0.977708126958401
"('5.png', '24.png')",1.0,0.9957190701052431
"('5.png', '25.png')",1.0,0.9957190701052431
"('5.png', '26.png')",0.9970760233918129,0.9604049888964226
"('5.png', '27.png')",1.0,0.9649185362484517
"('5.png', '28.png')",1.0,0.9736531350573482
"('5.png', '29.png')",1.0,0.9432719557624264
"('5.png', '30.png')",1.0,0.9787944477020964
"('5.png', '31.png')",0.9975247524752475,0.9881787308650165
"('5.png', '32.png')",1.0,0.9957190701052431
"('5.png', '33.png')",1.0,0.9543684313704608
"('5.png', '34.png')",1.0,0.9957190701052431
"('5.png', '35.png')",1.0,0.9377638043535925
"('5.png', '36.png')",1.0,0.9957190701052431
"('5.png', '37.png')",1.0,0.9957190701052431
"('5.png', '38.png')",0.997134670487106,0.9707841307892046
"('5.png', '39.png')",1.0,0.9957190701052431
"('5.png', '40.png')",1.0,0.9957190701052431
"('5.png', '41.png')",1.0,0.9376318447256176
"('5.png', '42.png')",1.0,0.9708270937214326
"('5.png', '43.png')",1.0,0.9792076485251312
"('5.png', '44.png')",1.0,0.9957190701052431
"('5.png', '45.png')",1.0,0.9566680237726012
"('5.png', '46.png')",0.9974619289340102,0.9821816780582765
"('5.png', '47.png')",1.0,0.9639696099962624
"('5.png', '48.png')",1.0,0.9932965302192952
"('5.png', '49.png')",1.0,0.9242441220394687
"('5.png', '50.png')",1.0,0.9902027778414176
"('5.png', '51.png')",1.0,0.9417365205424194
"('5.png', '52.png')",1.0,0.9470546420220733
"('5.png', '53.png')",1.0,0.9337175511570036
"('5.png', '54.png')",1.0,0.9957190701052431
"('5.png', '55.png')",1.0,0.9957190701052431
"('5.png', '56.png')",1.0,0.9840770310992535
"('5.png', '57.png')",1.0,0.9957190701052431
"('5.png', '58.png')",1.0,0.8827965363764695
"('5.png', '59.png')",1.0,0.9715183739624155
"('5.png', '60.png')",0.9948979591836735,0.9807510288007785
"('5.png', '61.png')",1.0,0.9957190701052431
"('5.png', '62.png')",1.0,0.9957190701052431
"('5.png', '63.png')",1.0,0.9848737771141692
"('5.png', '64.png')",1.0,0.993560817975439
"('6.png', '7.png')",0.9973333333333333,0.9701981430144921
"('6.png', '8.png')",0.9973118279569892,0.9901345563811735
"('6.png', '9.png')",0.9973262032085561,0.9879462456767678
"('6.png', '10.png')",1.0,0.9712332614017903
"('6.png', '11.png')",0.9973118279569892,0.9901345563811735
"('6.png', '12.png')",1.0,0.9841570568299233
"('6.png', '13.png')",1.0,0.9543741711929018
"('6.png', '14.png')",0.9973118279569892,0.9901345563811735
"('6.png', '15.png')",1.0,0.9484877359565433
"('6.png', '16.png')",0.9973118279569892,0.9901345563811735
"('6.png', '17.png')",0.9973118279569892,0.9901345563811735
"('6.png', '18.png')",1.0,0.9621324417937406
"('6.png', '19.png')",0.9922279792746114,0.9844136015944099
"('6.png', '20.png')",1.0,0.9444605234561996
"('6.png', '21.png')",0.9973684210526316,0.9720836574868944
"('6.png', '22.png')",1.0,0.9878967610908855
"('6.png', '23.png')",0.9947368421052631,0.9721463352697777
"('6.png', '24.png')",0.9973118279569892,0.9901345563811735
"('6.png', '25.png')",0.9973118279569892,0.9901345563811735
"('6.png', '26.png')",1.0,0.9548204751723532
"('6.png', '27.png')",1.0,0.959334022524382
"('6.png', '28.png')",1.0,0.9680686213332786
"('6.png', '29.png')",1.0,0.9373382877198894
"('6.png', '30.png')",1.0,0.9732099339780268
"('6.png', '31.png')",0.994750656167979,0.9825942171409471
"('6.png', '32.png')",0.9973118279569892,0.9901345563811735
"('6.png', '33.png')",1.0,0.9488778715865047
"('6.png', '34.png')",0.9973118279569892,0.9901345563811735
"('6.png', '35.png')",0.9961832061068703,0.9353670229055541
"('6.png', '36.png')",0.9973118279569892,0.9901345563811735
"('6.png', '37.png')",0.9973118279569892,0.9901345563811735
"('6.png', '38.png')",1.0,0.9651996170651348
"('6.png', '39.png')",0.9973118279569892,0.9901345563811735
"('6.png', '40.png')",0.9973118279569892,0.9901345563811735
"('6.png', '41.png')",1.0,0.9442943190294026
"('6.png', '42.png')",0.9972375690607734,0.9719050623881142
"('6.png', '43.png')",1.0,0.9736231348010618
"('6.png', '44.png')",0.9973118279569892,0.9901345563811735
"('6.png', '45.png')",1.0,0.9510835100485316
"('6.png', '46.png')",0.9974226804123711,0.9765971643342071
"('6.png', '47.png')",1.0,0.9637975706749637
"('6.png', '48.png')",0.9973262032085561,0.9879462456767678
"('6.png', '49.png')",1.0,0.9186596083153994
"('6.png', '50.png')",1.0,0.9846182641173481
"('6.png', '51.png')",1.0,0.936690952354346
"('6.png', '52.png')",1.0,0.942575373775783
"('6.png', '53.png')",1.0,0.9414315867449456
"('6.png', '54.png')",0.9973118279569892,0.9901345563811735
"('6.png', '55.png')",0.9973118279569892,0.9901345563811735
"('6.png', '56.png')",0.9973190348525469,0.9784925173751841
"('6.png', '57.png')",0.9973118279569892,0.9901345563811735
"('6.png', '58.png')",1.0,0.8812854601211951
"('6.png', '59.png')",1.0,0.9659338602383457
"('6.png', '60.png')",1.0,0.9751665150767089
"('6.png', '61.png')",0.9973118279569892,0.9901345563811735
"('6.png', '62.png')",0.9973118279569892,0.9901345563811735
"('6.png', '63.png')",1.0,0.9803694292043853
"('6.png', '64.png')",1.0,0.9879763042513696
"('7.png', '8.png')",1.0,0.9800635866333184
"('7.png', '9.png')",1.0,0.9776410467473706
"('7.png', '10.png')",1.0,0.9658517140395709
"('7.png', '11.png')",1.0,0.9800635866333184
"('7.png', '12.png')",1.0,0.9744924166231081
"('7.png', '13.png')",1.0,0.9443032014450466
"('7.png', '14.png')",1.0,0.9800635866333184
"('7.png', '15.png')",1.0,0.9657004702012819
"('7.png', '16.png')",1.0,0.9800635866333184
"('7.png', '17.png')",1.0,0.9800635866333184
"('7.png', '18.png')",1.0,0.9520614720458855
"('7.png', '19.png')",1.0,0.9749679214594861
"('7.png', '20.png')",0.9969604863221885,0.9463094650851818
"('7.png', '21.png')",1.0,0.9620126877390393
"('7.png', '22.png')",0.9895833333333334,0.9779814175514844
"('7.png', '23.png')",1.0,0.9620526434864765
"('7.png', '24.png')",1.0,0.9800635866333184
"('7.png', '25.png')",1.0,0.9800635866333184
"('7.png', '26.png')",1.0,0.9457213486840929
"('7.png', '27.png')",1.0,0.959739696664179
"('7.png', '28.png')",0.9974683544303797,0.9710022162709828
"('7.png', '29.png')",1.0,0.9272673179720344
"('7.png', '30.png')",1.0,0.9718955395235799
"('7.png', '31.png')",1.0,0.9726768359488732
"('7.png', '32.png')",1.0,0.9800635866333184
"('7.png', '33.png')",1.0,0.938712947898536
"('7.png', '34.png')",1.0,0.9800635866333184
"('7.png', '35.png')",1.0,0.922108320881668
"('7.png', '36.png')",1.0,0.9800635866333184
"('7.png', '37.png')",1.0,0.9800635866333184
"('7.png', '38.png')",1.0,0.9734255222322638
"('7.png', '39.png')",1.0,0.9800635866333184
"('7.png', '40.png')",1.0,0.9800635866333184
"('7.png', '41.png')",0.9948979591836735,0.921976361253693
"('7.png', '42.png')",1.0,0.9551716102495079
"('7.png', '43.png')",1.0,0.9652064617628193
"('7.png', '44.png')",1.0,0.9800635866333184
"('7.png', '45.png')",1.0,0.9410125403006765
"('7.png', '46.png')",1.0,0.9665261945863519
"('7.png', '47.png')",1.0,0.946335639270662
"('7.png', '48.png')",1.0,0.9776410467473706
"('7.png', '49.png')",1.0,0.9090621698592948
"('7.png', '50.png')",1.0,0.9747311353890032
"('7.png', '51.png')",1.0,0.9275214236747207
"('7.png', '52.png')",1.0,0.9495171472543716
"('7.png', '53.png')",1.0,0.9181920666906583
"('7.png', '54.png')",1.0,0.9800635866333184
"('7.png', '55.png')",1.0,0.9800635866333184
"('7.png', '56.png')",0.9973262032085561,0.9684215476273289
"('7.png', '57.png')",1.0,0.9800635866333184
"('7.png', '58.png')",1.0,0.8679732221950948
"('7.png', '59.png')",1.0,0.956229052286291
"('7.png', '60.png')",1.0,0.9664773682795879
"('7.png', '61.png')",1.0,0.9800635866333184
"('7.png', '62.png')",1.0,0.9800635866333184
"('7.png', '63.png')",0.9922879177377892,0.9692182936422445
"('7.png', '64.png')",0.9947643979057592,0.9779053345035145
"('8.png', '9.png')",1.0,0.997577460114052
"('8.png', '10.png')",1.0,0.9810987050206168
"('8.png', '11.png')",1.0,1.0
"('8.png', '12.png')",1.0,0.9940225004487497
"('8.png', '13.png')",0.9968152866242038,0.9642396148117282
"('8.png', '14.png')",1.0,1.0
"('8.png', '15.png')",1.0,0.95835317957537
"('8.png', '16.png')",1.0,1.0
"('8.png', '17.png')",1.0,1.0
"('8.png', '18.png')",1.0,0.9719978854125669
"('8.png', '19.png')",1.0,0.9942790452132364
"('8.png', '20.png')",1.0,0.9535376147761978
"('8.png', '21.png')",1.0,0.9819491011057208
"('8.png', '22.png')",1.0,0.997762204709712
"('8.png', '23.png')",1.0,0.9819890568531581
"('8.png', '24.png')",1.0,1.0
"('8.png', '25.png')",1.0,1.0
"('8.png', '26.png')",1.0,0.9646859187911795
"('8.png', '27.png')",1.0,0.9691994661432085
"('8.png', '28.png')",1.0,0.977934064952105
"('8.png', '29.png')",0.9970059880239521,0.9472037313387158
"('8.png', '30.png')",1.0,0.9830753775968534
"('8.png', '31.png')",1.0,0.9924596607597733
"('8.png', '32.png')",1.0,1.0
"('8.png', '33.png')",1.0,0.9586493612652176
"('8.png', '34.png')",1.0,1.0
"('8.png', '35.png')",0.9956521739130435,0.9420447342483497
"('8.png', '36.png')",1.0,1.0
"('8.png', '37.png')",1.0,1.0
"('8.png', '38.png')",1.0,0.9750650606839614
"('8.png', '39.png')",1.0,1.0
"('8.png', '40.png')",1.0,1.0
"('8.png', '41.png')",0.9943502824858758,0.9419127746203745
"('8.png', '42.png')",1.0,0.9751080236161894
"('8.png', '43.png')",1.0,0.9834885784198882
"('8.png', '44.png')",1.0,1.0
"('8.png', '45.png')",1.0,0.960948953667358
"('8.png', '46.png')",1.0,0.9864626079530335
"('8.png', '47.png')",0.9965397923875432,0.9662117324421188
"('8.png', '48.png')",1.0,0.997577460114052
"('8.png', '49.png')",1.0,0.9285250519342257
"('8.png', '50.png')",1.0,0.9944837077361744
"('8.png', '51.png')",1.0,0.9460174504371762
"('8.png', '52.png')",1.0,0.9513355719168303
"('8.png', '53.png')",1.0,0.9377082249061681
"('8.png', '54.png')",1.0,1.0
"('8.png', '55.png')",1.0,1.0
"('8.png', '56.png')",1.0,0.9883579609940104
"('8.png', '57.png')",1.0,1.0
"('8.png', '58.png')",1.0,0.8870774662712265
"('8.png', '59.png')",0.9966996699669967,0.9757993038571725
"('8.png', '60.png')",1.0,0.9850319586955353
"('8.png', '61.png')",1.0,1.0
"('8.png', '62.png')",1.0,1.0
"('8.png', '63.png')",1.0,0.9891547070089262
"('8.png', '64.png')",1.0,0.9978417478701961
"('9.png', '10.png')",1.0,0.978676165134669
"('9.png', '11.png')",1.0,0.997577460114052
"('9.png', '12.png')",1.0,0.991599960562802
"('9.png', '13.png')",0.9968553459119497,0.9618170749257802
"('9.png', '14.png')",1.0,0.997577460114052
"('9.png', '15.png')",1.0,0.9559306396894222
"('9.png', '16.png')",1.0,0.997577460114052
"('9.png', '17.png')",1.0,0.997577460114052
"('9.png', '18.png')",1.0,0.9695753455266192
"('9.png', '19.png')",1.0,0.9918565053272884
"('9.png', '20.png')",1.0,0.9511150748902498
"('9.png', '21.png')",1.0,0.9795265612197728
"('9.png', '22.png')",1.0,0.995339664823764
"('9.png', '23.png')",1.0,0.9796678297422335
"('9.png', '24.png')",1.0,0.997577460114052
"('9.png', '25.png')",1.0,0.997577460114052
"('9.png', '26.png')",1.0,0.9622633789052316
"('9.png', '27.png')",1.0,0.9667769262572605
"('9.png', '28.png')",1.0,0.9755115250661572
"('9.png', '29.png')",0.9940652818991098,0.9447811914527678
"('9.png', '30.png')",1.0,0.9806528377109055
"('9.png', '31.png')",1.0,0.9900371208738256
"('9.png', '32.png')",1.0,0.997577460114052
"('9.png', '33.png')",1.0,0.9565951894237763
"('9.png', '34.png')",1.0,0.997577460114052
"('9.png', '35.png')",0.9956709956709957,0.9396221943624017
"('9.png', '36.png')",1.0,0.997577460114052
"('9.png', '37.png')",1.0,0.997577460114052
"('9.png', '38.png')",1.0,0.9726425207980135
"('9.png', '39.png')",1.0,0.997577460114052
"('9.png', '40.png')",1.0,0.997577460114052
"('9.png', '41.png')",0.994413407821229,0.9397143536012956
"('9.png', '42.png')",1.0,0.9730357072859995
"('9.png', '43.png')",1.0,0.9810660385339404
"('9.png', '44.png')",1.0,0.997577460114052
"('9.png', '45.png')",1.0,0.9585264137814101
"('9.png', '46.png')",1.0,0.9840400680670855
"('9.png', '47.png')",0.9965870307167235,0.9637891925561708
"('9.png', '48.png')",1.0,1.0
"('9.png', '49.png')",1.0,0.9262590600586437
"('9.png', '50.png')",1.0,0.9920611678502267
"('9.png', '51.png')",1.0,0.9435949105512282
"('9.png', '52.png')",1.0,0.9490780333304293
"('9.png', '53.png')",1.0,0.9354667192847973
"('9.png', '54.png')",1.0,0.997577460114052
"('9.png', '55.png')",1.0,0.997577460114052
"('9.png', '56.png')",1.0,0.9859354211080625
"('9.png', '57.png')",1.0,0.997577460114052
"('9.png', '58.png')",1.0,0.8848678646359182
"('9.png', '59.png')",0.9967320261437909,0.9733767639712245
"('9.png', '60.png')",1.0,0.9826094188095874
"('9.png', '61.png')",1.0,0.997577460114052
"('9.png', '62.png')",1.0,0.997577460114052
"('9.png', '63.png')",1.0,0.9871696404786204
"('9.png', '64.png')",1.0,0.9954192079842482
"('10.png', '11.png')",1.0,0.9810987050206168
"('10.png', '12.png')",1.0,0.9844320043524073
"('10.png', '13.png')",0.9971014492753624,0.945338319832345
"('10.png', '14.png')",1.0,0.9810987050206168
"('10.png', '15.png')",1.0,0.9479174586827085
"('10.png', '16.png')",1.0,0.9810987050206168
"('10.png', '17.png')",1.0,0.9810987050206168
"('10.png', '18.png')",1.0,0.953096590433184
"('10.png', '19.png')",1.0,0.9839891738640332
"('10.png', '20.png')",1.0,0.9627712369687784
"('10.png', '21.png')",1.0,0.9630478061263376
"('10.png', '22.png')",0.9923664122137404,0.9788609097303288
"('10.png', '23.png')",1.0,0.9630877618737749
"('10.png', '24.png')",1.0,0.9810987050206168
"('10.png', '25.png')",1.0,0.9810987050206168
"('10.png', '26.png')",1.0,0.9685770581056903
"('10.png', '27.png')",1.0,0.9797853968373204
"('10.png', '28.png')",0.9951219512195122,0.9849848431344489
"('10.png', '29.png')",1.0,0.9283214173845028
"('10.png', '30.png')",1.0,0.9886738484384661
"('10.png', '31.png')",1.0,0.9735583657803902
"('10.png', '32.png')",1.0,0.9810987050206168
"('10.png', '33.png')",1.0,0.9397480662858345
"('10.png', '34.png')",1.0,0.9810987050206168
"('10.png', '35.png')",1.0,0.9231434392689665
"('10.png', '36.png')",1.0,0.9810987050206168
"('10.png', '37.png')",1.0,0.9810987050206168
"('10.png', '38.png')",1.0,0.9736951953724228
"('10.png', '39.png')",1.0,0.9810987050206168
"('10.png', '40.png')",1.0,0.9810987050206168
"('10.png', '41.png')",1.0,0.9230114796409913
"('10.png', '42.png')",1.0,0.9562067286368062
"('10.png', '43.png')",1.0,0.9646111095979747
"('10.png', '44.png')",1.0,0.9810987050206168
"('10.png', '45.png')",0.9973753280839895,0.942047658687975
"('10.png', '46.png')",1.0,0.9680912981160721
"('10.png', '47.png')",1.0,0.9535423807172286
"('10.png', '48.png')",1.0,0.978676165134669
"('10.png', '49.png')",1.0,0.9135814832914676
"('10.png', '50.png')",0.9973684210526316,0.9755824127567915
"('10.png', '51.png')",0.9933333333333333,0.9427550502047956
"('10.png', '52.png')",1.0,0.9343518430294836
"('10.png', '53.png')",0.9967213114754099,0.930335080675571
"('10.png', '54.png')",1.0,0.9810987050206168
"('10.png', '55.png')",1.0,0.9810987050206168
"('10.png', '56.png')",0.9819121447028424,0.9694566660146272
"('10.png', '57.png')",1.0,0.9810987050206168
"('10.png', '58.png')",1.0,0.8782504892239246
"('10.png', '59.png')",0.9880239520958084,0.9568980088777891
"('10.png', '60.png')",1.0,0.9837591558641728
"('10.png', '61.png')",1.0,0.9810987050206168
"('10.png', '62.png')",1.0,0.9810987050206168
"('10.png', '63.png')",0.98989898989899,0.9702616282242968
"('10.png', '64.png')",0.9948979591836735,0.9789404528908129
"('11.png', '12.png')",1.0,0.9940225004487497
"('11.png', '13.png')",0.9968152866242038,0.9642396148117282
"('11.png', '14.png')",1.0,1.0
"('11.png', '15.png')",1.0,0.95835317957537
"('11.png', '16.png')",1.0,1.0
"('11.png', '17.png')",1.0,1.0
"('11.png', '18.png')",1.0,0.9719978854125669
"('11.png', '19.png')",1.0,0.9942790452132364
"('11.png', '20.png')",1.0,0.9535376147761978
"('11.png', '21.png')",1.0,0.9819491011057208
"('11.png', '22.png')",1.0,0.997762204709712
"('11.png', '23.png')",1.0,0.9819890568531581
"('11.png', '24.png')",1.0,1.0
"('11.png', '25.png')",1.0,1.0
"('11.png', '26.png')",1.0,0.9646859187911795
"('11.png', '27.png')",1.0,0.9691994661432085
"('11.png', '28.png')",1.0,0.977934064952105
"('11.png', '29.png')",0.9970059880239521,0.9472037313387158
"('11.png', '30.png')",1.0,0.9830753775968534
"('11.png', '31.png')",1.0,0.9924596607597733
"('11.png', '32.png')",1.0,1.0
"('11.png', '33.png')",1.0,0.9586493612652176
"('11.png', '34.png')",1.0,1.0
"('11.png', '35.png')",0.9956521739130435,0.9420447342483497
"('11.png', '36.png')",1.0,1.0
"('11.png', '37.png')",1.0,1.0
"('11.png', '38.png')",1.0,0.9750650606839614
"('11.png', '39.png')",1.0,1.0
"('11.png', '40.png')",1.0,1.0
"('11.png', '41.png')",0.9943502824858758,0.9419127746203745
"('11.png', '42.png')",1.0,0.9751080236161894
"('11.png', '43.png')",1.0,0.9834885784198882
"('11.png', '44.png')",1.0,1.0
"('11.png', '45.png')",1.0,0.960948953667358
"('11.png', '46.png')",1.0,0.9864626079530335
"('11.png', '47.png')",0.9965397923875432,0.9662117324421188
"('11.png', '48.png')",1.0,0.997577460114052
"('11.png', '49.png')",1.0,0.9285250519342257
"('11.png', '50.png')",1.0,0.9944837077361744
"('11.png', '51.png')",1.0,0.9460174504371762
"('11.png', '52.png')",1.0,0.9513355719168303
"('11.png', '53.png')",1.0,0.9377082249061681
"('11.png', '54.png')",1.0,1.0
"('11.png', '55.png')",1.0,1.0
"('11.png', '56.png')",1.0,0.9883579609940104
"('11.png', '57.png')",1.0,1.0
"('11.png', '58.png')",1.0,0.8870774662712265
"('11.png', '59.png')",0.9966996699669967,0.9757993038571725
"('11.png', '60.png')",1.0,0.9850319586955353
"('11.png', '61.png')",1.0,1.0
"('11.png', '62.png')",1.0,1.0
"('11.png', '63.png')",1.0,0.9891547070089262
"('11.png', '64.png')",1.0,0.9978417478701961
"('12.png', '13.png')",1.0,0.958262115260478
"('12.png', '14.png')",1.0,0.9940225004487497
"('12.png', '15.png')",0.9972222222222222,0.952795782128991
"('12.png', '16.png')",1.0,0.9940225004487497
"('12.png', '17.png')",1.0,0.9940225004487497
"('12.png', '18.png')",1.0,0.9660203858613169
"('12.png', '19.png')",1.0,0.9962501929462843
"('12.png', '20.png')",0.9969512195121951,0.9561193577931985
"('12.png', '21.png')",1.0,0.9759716015544705
"('12.png', '22.png')",0.997716894977169,0.9917847051584617
"('12.png', '23.png')",1.0,0.9760115573019078
"('12.png', '24.png')",1.0,0.9940225004487497
"('12.png', '25.png')",1.0,0.9940225004487497
"('12.png', '26.png')",0.9945652173913043,0.9655167872838679
"('12.png', '27.png')",1.0,0.9715651188579834
"('12.png', '28.png')",1.0,0.9796415824120124
"('12.png', '29.png')",0.9971098265895953,0.9412262317874656
"('12.png', '30.png')",1.0,0.9863573790705119
"('12.png', '31.png')",0.9977220956719818,0.9864821612085232
"('12.png', '32.png')",1.0,0.9940225004487497
"('12.png', '33.png')",1.0,0.9526718617139674
"('12.png', '34.png')",1.0,0.9940225004487497
"('12.png', '35.png')",0.9959514170040485,0.9360672346970994
"('12.png', '36.png')",1.0,0.9940225004487497
"('12.png', '37.png')",1.0,0.9940225004487497
"('12.png', '38.png')",1.0,0.9765129425301519
"('12.png', '39.png')",1.0,0.9940225004487497
"('12.png', '40.png')",1.0,0.9940225004487497
"('12.png', '41.png')",0.9947916666666666,0.9359352750691242
"('12.png', '42.png')",1.0,0.9691305240649392
"('12.png', '43.png')",1.0,0.9775110788686381
"('12.png', '44.png')",1.0,0.9940225004487497
"('12.png', '45.png')",0.997275204359673,0.954971454116108
"('12.png', '46.png')",1.0,0.9808851194071527
"('12.png', '47.png')",1.0,0.9627924002864421
"('12.png', '48.png')",1.0,0.991599960562802
"('12.png', '49.png')",1.0,0.926441317483825
"('12.png', '50.png')",1.0,0.9885062081849244
"('12.png', '51.png')",1.0,0.9455846298149188
"('12.png', '52.png')",1.0,0.9465493784592839
"('12.png', '53.png')",1.0,0.9375715994597357
"('12.png', '54.png')",1.0,0.9940225004487497
"('12.png', '55.png')",1.0,0.9940225004487497
"('12.png', '56.png')",1.0,0.9823804614427601
"('12.png', '57.png')",1.0,0.9940225004487497
"('12.png', '58.png')",1.0,0.8879291480769543
"('12.png', '59.png')",1.0,0.9698218043059222
"('12.png', '60.png')",1.0,0.9858143671467148
"('12.png', '61.png')",1.0,0.9940225004487497
"('12.png', '62.png')",1.0,0.9940225004487497
"('12.png', '63.png')",0.9976076555023924,0.983177207457676
"('12.png', '64.png')",0.9977116704805492,0.9918642483189459
"('13.png', '14.png')",0.9968152866242038,0.9642396148117282
"('13.png', '15.png')",0.997093023255814,0.922739470160959
"('13.png', '16.png')",0.9968152866242038,0.9642396148117282
"('13.png', '17.png')",0.9968152866242038,0.9642396148117282
"('13.png', '18.png')",1.0,0.9430299482067991
"('13.png', '19.png')",0.996996996996997,0.9585186600249646
"('13.png', '20.png')",1.0,0.917777229587926
"('13.png', '21.png')",1.0,0.9504663760242549
"('13.png', '22.png')",0.9937106918238994,0.9620018195214399
"('13.png', '23.png')",1.0,0.9603747400318179
"('13.png', '24.png')",0.9968152866242038,0.9642396148117282
"('13.png', '25.png')",0.9968152866242038,0.9642396148117282
"('13.png', '26.png')",1.0,0.9289255336029077
"('13.png', '27.png')",1.0,0.9334390809549366
"('13.png', '28.png')",0.9970760233918129,0.9421736797638333
"('13.png', '29.png')",1.0,0.911443346150444
"('13.png', '30.png')",1.0,0.9473554873220476
"('13.png', '31.png')",0.9969879518072289,0.9568833298048851
"('13.png', '32.png')",0.9968152866242038,0.9642396148117282
"('13.png', '33.png')",1.0,0.9522322692094588
"('13.png', '34.png')",0.9968152866242038,0.9642396148117282
"('13.png', '35.png')",1.0,0.9265477152845946
"('13.png', '36.png')",0.9968152866242038,0.9642396148117282
"('13.png', '37.png')",0.9968152866242038,0.9642396148117282
"('13.png', '38.png')",1.0,0.9393046754956895
"('13.png', '39.png')",0.9968152866242038,0.9642396148117282
"('13.png', '40.png')",0.9968152866242038,0.9642396148117282
"('13.png', '41.png')",1.0,0.9122058070943644
"('13.png', '42.png')",1.0,0.9393476384279174
"('13.png', '43.png')",1.0,0.9477281932316163
"('13.png', '44.png')",0.9968152866242038,0.9642396148117282
"('13.png', '45.png')",1.0,0.925188568479086
"('13.png', '46.png')",1.0,0.9507022227647616
"('13.png', '47.png')",1.0,0.9368115405533682
"('13.png', '48.png')",0.9968553459119497,0.9618170749257802
"('13.png', '49.png')",1.0,0.8977816784196527
"('13.png', '50.png')",1.0,0.9587233225479026
"('13.png', '51.png')",1.0,0.9102570652489043
"('13.png', '52.png')",1.0,0.9155751867285584
"('13.png', '53.png')",0.9968454258675079,0.9019478397178965
"('13.png', '54.png')",0.9968152866242038,0.9642396148117282
"('13.png', '55.png')",0.9968152866242038,0.9642396148117282
"('13.png', '56.png')",1.0,0.9568559275211754
"('13.png', '57.png')",0.9968152866242038,0.9642396148117282
"('13.png', '58.png')",1.0,0.8562118026871333
"('13.png', '59.png')",1.0,0.9434765934803216
"('13.png', '60.png')",1.0,0.9493141752926272
"('13.png', '61.png')",0.9968152866242038,0.9642396148117282
"('13.png', '62.png')",0.9968152866242038,0.9642396148117282
"('13.png', '63.png')",0.996969696969697,0.9533943218206543
"('13.png', '64.png')",0.9936908517350158,0.9620813626819243
"('14.png', '15.png')",1.0,0.95835317957537
"('14.png', '16.png')",1.0,1.0
"('14.png', '17.png')",1.0,1.0
"('14.png', '18.png')",1.0,0.9719978854125669
"('14.png', '19.png')",1.0,0.9942790452132364
"('14.png', '20.png')",1.0,0.9535376147761978
"('14.png', '21.png')",1.0,0.9819491011057208
"('14.png', '22.png')",1.0,0.997762204709712
"('14.png', '23.png')",1.0,0.9819890568531581
"('14.png', '24.png')",1.0,1.0
"('14.png', '25.png')",1.0,1.0
"('14.png', '26.png')",1.0,0.9646859187911795
"('14.png', '27.png')",1.0,0.9691994661432085
"('14.png', '28.png')",1.0,0.977934064952105
"('14.png', '29.png')",0.9970059880239521,0.9472037313387158
"('14.png', '30.png')",1.0,0.9830753775968534
"('14.png', '31.png')",1.0,0.9924596607597733
"('14.png', '32.png')",1.0,1.0
"('14.png', '33.png')",1.0,0.9586493612652176
"('14.png', '34.png')",1.0,1.0
"('14.png', '35.png')",0.9956521739130435,0.9420447342483497
"('14.png', '36.png')",1.0,1.0
"('14.png', '37.png')",1.0,1.0
"('14.png', '38.png')",1.0,0.9750650606839614
"('14.png', '39.png')",1.0,1.0
"('14.png', '40.png')",1.0,1.0
"('14.png', '41.png')",0.9943502824858758,0.9419127746203745
"('14.png', '42.png')",1.0,0.9751080236161894
"('14.png', '43.png')",1.0,0.9834885784198882
"('14.png', '44.png')",1.0,1.0
"('14.png', '45.png')",1.0,0.960948953667358
"('14.png', '46.png')",1.0,0.9864626079530335
"('14.png', '47.png')",0.9965397923875432,0.9662117324421188
"('14.png', '48.png')",1.0,0.997577460114052
"('14.png', '49.png')",1.0,0.9285250519342257
"('14.png', '50.png')",1.0,0.9944837077361744
"('14.png', '51.png')",1.0,0.9460174504371762
"('14.png', '52.png')",1.0,0.9513355719168303
"('14.png', '53.png')",1.0,0.9377082249061681
"('14.png', '54.png')",1.0,1.0
"('14.png', '55.png')",1.0,1.0
"('14.png', '56.png')",1.0,0.9883579609940104
"('14.png', '57.png')",1.0,1.0
"('14.png', '58.png')",1.0,0.8870774662712265
"('14.png', '59.png')",0.9966996699669967,0.9757993038571725
"('14.png', '60.png')",1.0,0.9850319586955353
"('14.png', '61.png')",1.0,1.0
"('14.png', '62.png')",1.0,1.0
"('14.png', '63.png')",1.0,0.9891547070089262
"('14.png', '64.png')",1.0,0.9978417478701961
"('15.png', '16.png')",1.0,0.95835317957537
"('15.png', '17.png')",1.0,0.95835317957537
"('15.png', '18.png')",1.0,0.9303510649879368
"('15.png', '19.png')",1.0,0.9538336729135506
"('15.png', '20.png')",1.0,0.9290160112145219
"('15.png', '21.png')",1.0,0.9403486807902247
"('15.png', '22.png')",1.0,0.9564415053530241
"('15.png', '23.png')",1.0,0.9429774174418993
"('15.png', '24.png')",1.0,0.95835317957537
"('15.png', '25.png')",1.0,0.95835317957537
"('15.png', '26.png')",0.997229916897507,0.9269608451701133
"('15.png', '27.png')",0.9973118279569892,0.9404426847816065
"('15.png', '28.png')",0.9973190348525469,0.9520675703400111
"('15.png', '29.png')",1.0,0.9064612524131294
"('15.png', '30.png')",0.9973333333333333,0.9531886937765535
"('15.png', '31.png')",1.0,0.9541749434505324
"('15.png', '32.png')",1.0,0.95835317957537
"('15.png', '33.png')",1.0,0.9171713397704995
"('15.png', '34.png')",1.0,0.95835317957537
"('15.png', '35.png')",1.0,0.9004198039069463
"('15.png', '36.png')",1.0,0.95835317957537
"('15.png', '37.png')",1.0,0.95835317957537
"('15.png', '38.png')",0.9973404255319149,0.9563476466861592
"('15.png', '39.png')",1.0,0.95835317957537
"('15.png', '40.png')",1.0,0.95835317957537
"('15.png', '41.png')",1.0,0.9002741012630437
"('15.png', '42.png')",0.9971988795518207,0.933499349443104
"('15.png', '43.png')",1.0,0.944224227082988
"('15.png', '44.png')",1.0,0.95835317957537
"('15.png', '45.png')",1.0,0.9193799398878714
"('15.png', '46.png')",1.0,0.9448157875284035
"('15.png', '47.png')",1.0,0.9246547686410623
"('15.png', '48.png')",1.0,0.9559306396894222
"('15.png', '49.png')",1.0,0.9050234810630999
"('15.png', '50.png')",1.0,0.9528505418187397
"('15.png', '51.png')",1.0,0.9091279982170959
"('15.png', '52.png')",1.0,0.9333748550053839
"('15.png', '53.png')",1.0,0.899346935227932
"('15.png', '54.png')",1.0,0.95835317957537
"('15.png', '55.png')",1.0,0.95835317957537
"('15.png', '56.png')",1.0,0.9467111405693802
"('15.png', '57.png')",1.0,0.95835317957537
"('15.png', '58.png')",1.0,0.8474277396707107
"('15.png', '59.png')",1.0,0.9353375912782074
"('15.png', '60.png')",1.0,0.9484286838878524
"('15.png', '61.png')",1.0,0.95835317957537
"('15.png', '62.png')",1.0,0.95835317957537
"('15.png', '63.png')",1.0,0.9475078865842956
"('15.png', '64.png')",1.0,0.956194927445566
"('16.png', '17.png')",1.0,1.0
"('16.png', '18.png')",1.0,0.9719978854125669
"('16.png', '19.png')",1.0,0.9942790452132364
"('16.png', '20.png')",1.0,0.9535376147761978
"('16.png', '21.png')",1.0,0.9819491011057208
"('16.png', '22.png')",1.0,0.997762204709712
"('16.png', '23.png')",1.0,0.9819890568531581
"('16.png', '24.png')",1.0,1.0
"('16.png', '25.png')",1.0,1.0
"('16.png', '26.png')",1.0,0.9646859187911795
"('16.png', '27.png')",1.0,0.9691994661432085
"('16.png', '28.png')",1.0,0.977934064952105
"('16.png', '29.png')",0.9970059880239521,0.9472037313387158
"('16.png', '30.png')",1.0,0.9830753775968534
"('16.png', '31.png')",1.0,0.9924596607597733
"('16.png', '32.png')",1.0,1.0
"('16.png', '33.png')",1.0,0.9586493612652176
"('16.png', '34.png')",1.0,1.0
"('16.png', '35.png')",0.9956521739130435,0.9420447342483497
"('16.png', '36.png')",1.0,1.0
"('16.png', '37.png')",1.0,1.0
"('16.png', '38.png')",1.0,0.9750650606839614
"('16.png', '39.png')",1.0,1.0
"('16.png', '40.png')",1.0,1.0
"('16.png', '41.png')",0.9943502824858758,0.9419127746203745
"('16.png', '42.png')",1.0,0.9751080236161894
"('16.png', '43.png')",1.0,0.9834885784198882
"('16.png', '44.png')",1.0,1.0
"('16.png', '45.png')",1.0,0.960948953667358
"('16.png', '46.png')",1.0,0.9864626079530335
"('16.png', '47.png')",0.9965397923875432,0.9662117324421188
"('16.png', '48.png')",1.0,0.997577460114052
"('16.png', '49.png')",1.0,0.9285250519342257
"('16.png', '50.png')",1.0,0.9944837077361744
"('16.png', '51.png')",1.0,0.9460174504371762
"('16.png', '52.png')",1.0,0.9513355719168303
"('16.png', '53.png')",1.0,0.9377082249061681
"('16.png', '54.png')",1.0,1.0
"('16.png', '55.png')",1.0,1.0
"('16.png', '56.png')",1.0,0.9883579609940104
"('16.png', '57.png')",1.0,1.0
"('16.png', '58.png')",1.0,0.8870774662712265
"('16.png', '59.png')",0.9966996699669967,0.9757993038571725
"('16.png', '60.png')",1.0,0.9850319586955353
"('16.png', '61.png')",1.0,1.0
"('16.png', '62.png')",1.0,1.0
"('16.png', '63.png')",1.0,0.9891547070089262
"('16.png', '64.png')",1.0,0.9978417478701961
"('17.png', '18.png')",1.0,0.9719978854125669
"('17.png', '19.png')",1.0,0.9942790452132364
"('17.png', '20.png')",1.0,0.9535376147761978
"('17.png', '21.png')",1.0,0.9819491011057208
"('17.png', '22.png')",1.0,0.997762204709712
"('17.png', '23.png')",1.0,0.9819890568531581
"('17.png', '24.png')",1.0,1.0
"('17.png', '25.png')",1.0,1.0
"('17.png', '26.png')",1.0,0.9646859187911795
"('17.png', '27.png')",1.0,0.9691994661432085
"('17.png', '28.png')",1.0,0.977934064952105
"('17.png', '29.png')",0.9970059880239521,0.9472037313387158
"('17.png', '30.png')",1.0,0.9830753775968534
"('17.png', '31.png')",1.0,0.9924596607597733
"('17.png', '32.png')",1.0,1.0
"('17.png', '33.png')",1.0,0.9586493612652176
"('17.png', '34.png')",1.0,1.0
"('17.png', '35.png')",0.9956521739130435,0.9420447342483497
"('17.png', '36.png')",1.0,1.0
"('17.png', '37.png')",1.0,1.0
"('17.png', '38.png')",1.0,0.9750650606839614
"('17.png', '39.png')",1.0,1.0
"('17.png', '40.png')",1.0,1.0
"('17.png', '41.png')",0.9943502824858758,0.9419127746203745
"('17.png', '42.png')",1.0,0.9751080236161894
"('17.png', '43.png')",1.0,0.9834885784198882
"('17.png', '44.png')",1.0,1.0
"('17.png', '45.png')",1.0,0.960948953667358
"('17.png', '46.png')",1.0,0.9864626079530335
"('17.png', '47.png')",0.9965397923875432,0.9662117324421188
"('17.png', '48.png')",1.0,0.997577460114052
"('17.png', '49.png')",1.0,0.9285250519342257
"('17.png', '50.png')",1.0,0.9944837077361744
"('17.png', '51.png')",1.0,0.9460174504371762
"('17.png', '52.png')",1.0,0.9513355719168303
"('17.png', '53.png')",1.0,0.9377082249061681
"('17.png', '54.png')",1.0,1.0
"('17.png', '55.png')",1.0,1.0
"('17.png', '56.png')",1.0,0.9883579609940104
"('17.png', '57.png')",1.0,1.0
"('17.png', '58.png')",1.0,0.8870774662712265
"('17.png', '59.png')",0.9966996699669967,0.9757993038571725
"('17.png', '60.png')",1.0,0.9850319586955353
"('17.png', '61.png')",1.0,1.0
"('17.png', '62.png')",1.0,1.0
"('17.png', '63.png')",1.0,0.9891547070089262
"('17.png', '64.png')",1.0,0.9978417478701961
"('18.png', '19.png')",1.0,0.9662769306258033
"('18.png', '20.png')",1.0,0.9255433915722602
"('18.png', '21.png')",1.0,0.9761054330910842
"('18.png', '22.png')",0.9942028985507246,0.9697600901222789
"('18.png', '23.png')",1.0,0.9565956395114513
"('18.png', '24.png')",1.0,0.9719978854125669
"('18.png', '25.png')",1.0,0.9719978854125669
"('18.png', '26.png')",0.9972602739726028,0.9366850550733347
"('18.png', '27.png')",1.0,0.9411973515557756
"('18.png', '28.png')",0.997289972899729,0.949931950364672
"('18.png', '29.png')",1.0,0.9192016167512828
"('18.png', '30.png')",0.9973045822102425,0.9553556055257578
"('18.png', '31.png')",0.9971830985915493,0.9647387301223982
"('18.png', '32.png')",1.0,0.9719978854125669
"('18.png', '33.png')",1.0,0.9436445964472004
"('18.png', '34.png')",1.0,0.9719978854125669
"('18.png', '35.png')",1.0,0.9320094439520014
"('18.png', '36.png')",1.0,0.9719978854125669
"('18.png', '37.png')",1.0,0.9719978854125669
"('18.png', '38.png')",1.0,0.9470629460965284
"('18.png', '39.png')",1.0,0.9719978854125669
"('18.png', '40.png')",1.0,0.9719978854125669
"('18.png', '41.png')",1.0,0.9145138001091918
"('18.png', '42.png')",1.0,0.9471059090287562
"('18.png', '43.png')",1.0,0.9554864638324552
"('18.png', '44.png')",1.0,0.9719978854125669
"('18.png', '45.png')",1.0,0.9329468390799253
"('18.png', '46.png')",1.0,0.9584836538651293
"('18.png', '47.png')",1.0,0.946135578982853
"('18.png', '48.png')",1.0,0.9695753455266192
"('18.png', '49.png')",1.0,0.9020256454427126
"('18.png', '50.png')",1.0,0.9664815931487415
"('18.png', '51.png')",1.0,0.9180153358497432
"('18.png', '52.png')",1.0,0.9233471083893061
"('18.png', '53.png')",1.0,0.909706110318735
"('18.png', '54.png')",1.0,0.9719978854125669
"('18.png', '55.png')",1.0,0.9719978854125669
"('18.png', '56.png')",1.0,0.9650807569581706
"('18.png', '57.png')",1.0,0.9719978854125669
"('18.png', '58.png')",1.0,0.8643345792334411
"('18.png', '59.png')",0.9970326409495549,0.9590434366871592
"('18.png', '60.png')",1.0,0.9572451335588429
"('18.png', '61.png')",1.0,0.9719978854125669
"('18.png', '62.png')",1.0,0.9719978854125669
"('18.png', '63.png')",0.9971751412429378,0.9611525924214931
"('18.png', '64.png')",0.9941860465116279,0.969839633282763
"('19.png', '20.png')",1.0,0.954611115604616
"('19.png', '21.png')",1.0,0.9762281463189572
"('19.png', '22.png')",1.0,0.9920412499229484
"('19.png', '23.png')",1.0,0.9762681020663945
"('19.png', '24.png')",1.0,0.9942790452132364
"('19.png', '25.png')",1.0,0.9942790452132364
"('19.png', '26.png')",1.0,0.9659799449787964
"('19.png', '27.png')",1.0,0.9718382671054835
"('19.png', '28.png')",1.0,0.9800386441337863
"('19.png', '29.png')",0.9970760233918129,0.9414827765519522
"('19.png', '30.png')",1.0,0.9868582837397012
"('19.png', '31.png')",1.0,0.9867387059730098
"('19.png', '32.png')",1.0,0.9942790452132364
"('19.png', '33.png')",1.0,0.9529284064784541
"('19.png', '34.png')",1.0,0.9942790452132364
"('19.png', '35.png')",0.9959183673469387,0.9363237794615861
"('19.png', '36.png')",1.0,0.9942790452132364
"('19.png', '37.png')",1.0,0.9942790452132364
"('19.png', '38.png')",1.0,0.9750320713243994
"('19.png', '39.png')",1.0,0.9942790452132364
"('19.png', '40.png')",1.0,0.9942790452132364
"('19.png', '41.png')",0.983957219251337,0.9361918198336108
"('19.png', '42.png')",1.0,0.9693870688294256
"('19.png', '43.png')",1.0,0.9777676236331247
"('19.png', '44.png')",1.0,0.9942790452132364
"('19.png', '45.png')",1.0,0.9552279988805946
"('19.png', '46.png')",1.0,0.9807416531662699
"('19.png', '47.png')",0.996742671009772,0.960764423717531
"('19.png', '48.png')",1.0,0.9918565053272884
"('19.png', '49.png')",1.0,0.9230366775618508
"('19.png', '50.png')",1.0,0.9887627529494111
"('19.png', '51.png')",1.0,0.9438166852841415
"('19.png', '52.png')",1.0,0.9459410387867947
"('19.png', '53.png')",1.0,0.9347751237804678
"('19.png', '54.png')",1.0,0.9942790452132364
"('19.png', '55.png')",1.0,0.9942790452132364
"('19.png', '56.png')",1.0,0.9826370062072468
"('19.png', '57.png')",1.0,0.9942790452132364
"('19.png', '58.png')",1.0,0.8852964807722613
"('19.png', '59.png')",0.9968944099378882,0.9700783490704087
"('19.png', '60.png')",1.0,0.9889571299534029
"('19.png', '61.png')",1.0,0.9942790452132364
"('19.png', '62.png')",1.0,0.9942790452132364
"('19.png', '63.png')",1.0,0.9834337522221626
"('19.png', '64.png')",1.0,0.9921207930834325
"('20.png', '21.png')",1.0,0.9354867158819186
"('20.png', '22.png')",1.0,0.9512998194859098
"('20.png', '23.png')",1.0,0.9355266716293557
"('20.png', '24.png')",1.0,0.9535376147761978
"('20.png', '25.png')",1.0,0.9535376147761978
"('20.png', '26.png')",1.0,0.958236211054312
"('20.png', '27.png')",1.0,0.9638040095178395
"('20.png', '28.png')",0.9940119760479041,0.9629674445537083
"('20.png', '29.png')",1.0,0.9007691298664473
"('20.png', '30.png')",1.0,0.9606905137005682
"('20.png', '31.png')",1.0,0.9460107407934338
"('20.png', '32.png')",1.0,0.9535376147761978
"('20.png', '33.png')",0.9967532467532467,0.9121955330559971
"('20.png', '34.png')",1.0,0.9535376147761978
"('20.png', '35.png')",1.0,0.896141308619887
"('20.png', '36.png')",1.0,0.9535376147761978
"('20.png', '37.png')",1.0,0.9535376147761978
"('20.png', '38.png')",1.0,0.9561367313683492
"('20.png', '39.png')",1.0,0.9535376147761978
"('20.png', '40.png')",1.0,0.9535376147761978
"('20.png', '41.png')",1.0,0.8961710051730667
"('20.png', '42.png')",1.0,0.9294891685636827
"('20.png', '43.png')",1.0,0.9420153673364101
"('20.png', '44.png')",1.0,0.9535376147761978
"('20.png', '45.png')",1.0,0.9144865684435558
"('20.png', '46.png')",1.0,0.9433723950718652
"('20.png', '47.png')",1.0,0.9302713084013994
"('20.png', '48.png')",1.0,0.9511150748902498
"('20.png', '49.png')",1.0,0.8902425843195334
"('20.png', '50.png')",1.0,0.9480213225123723
"('20.png', '51.png')",1.0,0.9327838135441507
"('20.png', '52.png')",0.9969135802469136,0.912351470764154
"('20.png', '53.png')",1.0,0.907848127682738
"('20.png', '54.png')",1.0,0.9535376147761978
"('20.png', '55.png')",1.0,0.9535376147761978
"('20.png', '56.png')",1.0,0.9418955757702081
"('20.png', '57.png')",1.0,0.9535376147761978
"('20.png', '58.png')",1.0,0.8645938394051217
"('20.png', '59.png')",1.0,0.9293369186333703
"('20.png', '60.png')",1.0,0.9612879105630631
"('20.png', '61.png')",1.0,0.9535376147761978
"('20.png', '62.png')",1.0,0.9535376147761978
"('20.png', '63.png')",0.9969879518072289,0.9434748853842606
"('20.png', '64.png')",1.0,0.9513793626463939
"('21.png', '22.png')",1.0,0.9797113058154325
"('21.png', '23.png')",1.0,0.9650221369760451
"('21.png', '24.png')",1.0,0.9819491011057208
"('21.png', '25.png')",1.0,0.9819491011057208
"('21.png', '26.png')",1.0,0.9466350198969002
"('21.png', '27.png')",0.9973958333333334,0.9511485672489292
"('21.png', '28.png')",1.0,0.9598831660578258
"('21.png', '29.png')",1.0,0.9291528324444364
"('21.png', '30.png')",1.0,0.9652708394740754
"('21.png', '31.png')",0.9974811083123426,0.9744087618654941
"('21.png', '32.png')",1.0,0.9819491011057208
"('21.png', '33.png')",1.0,0.9469586647222185
"('21.png', '34.png')",1.0,0.9819491011057208
"('21.png', '35.png')",1.0,0.9375367853871772
"('21.png', '36.png')",1.0,0.9819491011057208
"('21.png', '37.png')",1.0,0.9819491011057208
"('21.png', '38.png')",1.0,0.9570141617896821
"('21.png', '39.png')",1.0,0.9819491011057208
"('21.png', '40.png')",1.0,0.9819491011057208
"('21.png', '41.png')",0.9947368421052631,0.9247875972726672
"('21.png', '42.png')",1.0,0.95705712472191
"('21.png', '43.png')",1.0,0.9654376795256089
"('21.png', '44.png')",1.0,0.9819491011057208
"('21.png', '45.png')",0.9973333333333333,0.9428980547730789
"('21.png', '46.png')",1.0,0.9684117090587542
"('21.png', '47.png')",1.0,0.9518562535826692
"('21.png', '48.png')",1.0,0.9795265612197728
"('21.png', '49.png')",1.0,0.9124533089916588
"('21.png', '50.png')",1.0,0.9764328088418952
"('21.png', '51.png')",0.9965753424657534,0.9279665515428969
"('21.png', '52.png')",1.0,0.933284673022551
"('21.png', '53.png')",1.0,0.9196573260118891
"('21.png', '54.png')",1.0,0.9819491011057208
"('21.png', '55.png')",1.0,0.9819491011057208
"('21.png', '56.png')",1.0,0.9731868784829135
"('21.png', '57.png')",1.0,0.9819491011057208
"('21.png', '58.png')",0.9922480620155039,0.8739786499150825
"('21.png', '59.png')",1.0,0.9703497047913755
"('21.png', '60.png')",1.0,0.967251743530943
"('21.png', '61.png')",1.0,0.9819491011057208
"('21.png', '62.png')",1.0,0.9819491011057208
"('21.png', '63.png')",1.0,0.9711038081146467
"('21.png', '64.png')",1.0,0.9797908489759167
"('22.png', '23.png')",1.0,0.97975126156287
"('22.png', '24.png')",1.0,0.997762204709712
"('22.png', '25.png')",1.0,0.997762204709712
"('22.png', '26.png')",0.9915492957746479,0.9624481235008915
"('22.png', '27.png')",1.0,0.9669616708529203
"('22.png', '28.png')",0.9949238578680203,0.975696269661817
"('22.png', '29.png')",1.0,0.9449659360484276
"('22.png', '30.png')",0.9924242424242424,0.9808375823065653
"('22.png', '31.png')",1.0,0.9946563326767411
"('22.png', '32.png')",1.0,0.997762204709712
"('22.png', '33.png')",0.9934426229508196,0.9564115659749296
"('22.png', '34.png')",1.0,0.997762204709712
"('22.png', '35.png')",0.9872881355932204,0.9398206373007554
"('22.png', '36.png')",1.0,0.997762204709712
"('22.png', '37.png')",1.0,0.997762204709712
"('22.png', '38.png')",0.9865229110512129,0.9728272653936734
"('22.png', '39.png')",1.0,0.997762204709712
"('22.png', '40.png')",1.0,0.997762204709712
"('22.png', '41.png')",0.988950276243094,0.9396749793300864
"('22.png', '42.png')",0.9971830985915493,0.9728702283259013
"('22.png', '43.png')",0.9971671388101983,0.9812507831296001
"('22.png', '44.png')",1.0,0.997762204709712
"('22.png', '45.png')",0.9972222222222222,0.9587111583770701
"('22.png', '46.png')",0.9976076555023924,0.9842248126627453
"('22.png', '47.png')",1.0,0.9639739371518306
"('22.png', '48.png')",1.0,0.995339664823764
"('22.png', '49.png')",1.0,0.9266370144367354
"('22.png', '50.png')",0.9976958525345622,0.9922459124458864
"('22.png', '51.png')",1.0,0.9439421641111453
"('22.png', '52.png')",0.9904458598726115,0.9490977766265422
"('22.png', '53.png')",1.0,0.9354704296158801
"('22.png', '54.png')",1.0,0.997762204709712
"('22.png', '55.png')",1.0,0.997762204709712
"('22.png', '56.png')",1.0,0.9861201657037224
"('22.png', '57.png')",1.0,0.997762204709712
"('22.png', '58.png')",1.0,0.8851330103587808
"('22.png', '59.png')",0.9902912621359223,0.9738250396856031
"('22.png', '60.png')",0.9975961538461539,0.9827941634052474
"('22.png', '61.png')",1.0,0.997762204709712
"('22.png', '62.png')",1.0,0.997762204709712
"('22.png', '63.png')",1.0,0.9869169117186379
"('22.png', '64.png')",1.0,0.995603952579908
"('23.png', '24.png')",1.0,0.9819890568531581
"('23.png', '25.png')",1.0,0.9819890568531581
"('23.png', '26.png')",1.0,0.9466749756443376
"('23.png', '27.png')",0.9973190348525469,0.9511885229963665
"('23.png', '28.png')",1.0,0.9599231218052631
"('23.png', '29.png')",1.0,0.9291927881918739
"('23.png', '30.png')",1.0,0.9650671180003397
"('23.png', '31.png')",1.0,0.974463141299669
"('23.png', '32.png')",1.0,0.9819890568531581
"('23.png', '33.png')",1.0,0.9513126272146925
"('23.png', '34.png')",1.0,0.9819890568531581
"('23.png', '35.png')",1.0,0.9296173595540637
"('23.png', '36.png')",1.0,0.9819890568531581
"('23.png', '37.png')",1.0,0.9819890568531581
"('23.png', '38.png')",1.0,0.9570541175371193
"('23.png', '39.png')",1.0,0.9819890568531581
"('23.png', '40.png')",1.0,0.9819890568531581
"('23.png', '41.png')",0.9946808510638298,0.924601442703636
"('23.png', '42.png')",1.0,0.9571107349765424
"('23.png', '43.png')",1.0,0.9654776352730462
"('23.png', '44.png')",1.0,0.9819890568531581
"('23.png', '45.png')",1.0,0.9431136927736099
"('23.png', '46.png')",1.0,0.9684516648061917
"('23.png', '47.png')",1.0,0.9518164621952042
"('23.png', '48.png')",1.0,0.9796678297422335
"('23.png', '49.png')",1.0,0.9156515536515127
"('23.png', '50.png')",1.0,0.9764727645893325
"('23.png', '51.png')",1.0,0.9280065072903341
"('23.png', '52.png')",1.0,0.933324628769988
"('23.png', '53.png')",1.0,0.9198736517250303
"('23.png', '54.png')",1.0,0.9819890568531581
"('23.png', '55.png')",1.0,0.9819890568531581
"('23.png', '56.png')",1.0,0.97044708927984
"('23.png', '57.png')",1.0,0.9819890568531581
"('23.png', '58.png')",1.0,0.8703228746304923
"('23.png', '59.png')",1.0,0.9590024148285995
"('23.png', '60.png')",0.9975903614457832,0.9670088185030347
"('23.png', '61.png')",1.0,0.9819890568531581
"('23.png', '62.png')",1.0,0.9819890568531581
"('23.png', '63.png')",1.0,0.9713166539436928
"('23.png', '64.png')",1.0,0.979830804723354
"('24.png', '25.png')",1.0,1.0
"('24.png', '26.png')",1.0,0.9646859187911795
"('24.png', '27.png')",1.0,0.9691994661432085
"('24.png', '28.png')",1.0,0.977934064952105
"('24.png', '29.png')",0.9970059880239521,0.9472037313387158
"('24.png', '30.png')",1.0,0.9830753775968534
"('24.png', '31.png')",1.0,0.9924596607597733
"('24.png', '32.png')",1.0,1.0
"('24.png', '33.png')",1.0,0.9586493612652176
"('24.png', '34.png')",1.0,1.0
"('24.png', '35.png')",0.9956521739130435,0.9420447342483497
"('24.png', '36.png')",1.0,1.0
"('24.png', '37.png')",1.0,1.0
"('24.png', '38.png')",1.0,0.9750650606839614
"('24.png', '39.png')",1.0,1.0
"('24.png', '40.png')",1.0,1.0
"('24.png', '41.png')",0.9943502824858758,0.9419127746203745
"('24.png', '42.png')",1.0,0.9751080236161894
"('24.png', '43.png')",1.0,0.9834885784198882
"('24.png', '44.png')",1.0,1.0
"('24.png', '45.png')",1.0,0.960948953667358
"('24.png', '46.png')",1.0,0.9864626079530335
"('24.png', '47.png')",0.9965397923875432,0.9662117324421188
"('24.png', '48.png')",1.0,0.997577460114052
"('24.png', '49.png')",1.0,0.9285250519342257
"('24.png', '50.png')",1.0,0.9944837077361744
"('24.png', '51.png')",1.0,0.9460174504371762
"('24.png', '52.png')",1.0,0.9513355719168303
"('24.png', '53.png')",1.0,0.9377082249061681
"('24.png', '54.png')",1.0,1.0
"('24.png', '55.png')",1.0,1.0
"('24.png', '56.png')",1.0,0.9883579609940104
"('24.png', '57.png')",1.0,1.0
"('24.png', '58.png')",1.0,0.8870774662712265
"('24.png', '59.png')",0.9966996699669967,0.9757993038571725
"('24.png', '60.png')",1.0,0.9850319586955353
"('24.png', '61.png')",1.0,1.0
"('24.png', '62.png')",1.0,1.0
"('24.png', '63.png')",1.0,0.9891547070089262
"('24.png', '64.png')",1.0,0.9978417478701961
"('25.png', '26.png')",1.0,0.9646859187911795
"('25.png', '27.png')",1.0,0.9691994661432085
"('25.png', '28.png')",1.0,0.977934064952105
"('25.png', '29.png')",0.9970059880239521,0.9472037313387158
"('25.png', '30.png')",1.0,0.9830753775968534
"('25.png', '31.png')",1.0,0.9924596607597733
"('25.png', '32.png')",1.0,1.0
"('25.png', '33.png')",1.0,0.9586493612652176
"('25.png', '34.png')",1.0,1.0
"('25.png', '35.png')",0.9956521739130435,0.9420447342483497
"('25.png', '36.png')",1.0,1.0
"('25.png', '37.png')",1.0,1.0
"('25.png', '38.png')",1.0,0.9750650606839614
"('25.png', '39.png')",1.0,1.0
"('25.png', '40.png')",1.0,1.0
"('25.png', '41.png')",0.9943502824858758,0.9419127746203745
"('25.png', '42.png')",1.0,0.9751080236161894
"('25.png', '43.png')",1.0,0.9834885784198882
"('25.png', '44.png')",1.0,1.0
"('25.png', '45.png')",1.0,0.960948953667358
"('25.png', '46.png')",1.0,0.9864626079530335
"('25.png', '47.png')",0.9965397923875432,0.9662117324421188
"('25.png', '48.png')",1.0,0.997577460114052
"('25.png', '49.png')",1.0,0.9285250519342257
"('25.png', '50.png')",1.0,0.9944837077361744
"('25.png', '51.png')",1.0,0.9460174504371762
"('25.png', '52.png')",1.0,0.9513355719168303
"('25.png', '53.png')",1.0,0.9377082249061681
"('25.png', '54.png')",1.0,1.0
"('25.png', '55.png')",1.0,1.0
"('25.png', '56.png')",1.0,0.9883579609940104
"('25.png', '57.png')",1.0,1.0
"('25.png', '58.png')",1.0,0.8870774662712265
"('25.png', '59.png')",0.9966996699669967,0.9757993038571725
"('25.png', '60.png')",1.0,0.9850319586955353
"('25.png', '61.png')",1.0,1.0
"('25.png', '62.png')",1.0,1.0
"('25.png', '63.png')",1.0,0.9891547070089262
"('25.png', '64.png')",1.0,0.9978417478701961
"('26.png', '27.png')",1.0,0.9748070127285237
"('26.png', '28.png')",0.9973262032085561,0.9619738769819964
"('26.png', '29.png')",0.9971751412429378,0.9119394435258487
"('26.png', '30.png')",1.0,0.9641099370543458
"('26.png', '31.png')",0.9944289693593314,0.9572521792157213
"('26.png', '32.png')",1.0,0.9646859187911795
"('26.png', '33.png')",1.0,0.9233489511645452
"('26.png', '34.png')",1.0,0.9646859187911795
"('26.png', '35.png')",1.0,0.9067306530395292
"('26.png', '36.png')",1.0,0.9646859187911795
"('26.png', '37.png')",1.0,0.9646859187911795
"('26.png', '38.png')",1.0,0.9520891817748024
"('26.png', '39.png')",1.0,0.9646859187911795
"('26.png', '40.png')",1.0,0.9646859187911795
"('26.png', '41.png')",1.0,0.9065986934115541
"('26.png', '42.png')",1.0,0.9398253818761465
"('26.png', '43.png')",1.0,0.948198637711772
"('26.png', '44.png')",1.0,0.9646859187911795
"('26.png', '45.png')",1.0,0.9256348724585374
"('26.png', '46.png')",1.0,0.9544423906429772
"('26.png', '47.png')",1.0,0.9434895260215947
"('26.png', '48.png')",1.0,0.9622633789052316
"('26.png', '49.png')",1.0,0.9024625703212212
"('26.png', '50.png')",1.0,0.9591696265273542
"('26.png', '51.png')",1.0,0.9401275751467786
"('26.png', '52.png')",1.0,0.924757558692463
"('26.png', '53.png')",1.0,0.9191139497506443
"('26.png', '54.png')",1.0,0.9646859187911795
"('26.png', '55.png')",1.0,0.9646859187911795
"('26.png', '56.png')",0.9972527472527473,0.9546878906093451
"('26.png', '57.png')",1.0,0.9646859187911795
"('26.png', '58.png')",1.0,0.8728815307298007
"('26.png', '59.png')",1.0,0.9404852226483519
"('26.png', '60.png')",1.0,0.9671065951339277
"('26.png', '61.png')",1.0,0.9646859187911795
"('26.png', '62.png')",1.0,0.9646859187911795
"('26.png', '63.png')",1.0,0.9587966964266413
"('26.png', '64.png')",0.9943342776203966,0.9625276666613757
"('27.png', '28.png')",1.0,0.9758005453978879
"('27.png', '29.png')",1.0,0.9164221559275436
"('27.png', '30.png')",1.0,0.9769643867234028
"('27.png', '31.png')",1.0,0.9616591269029818
"('27.png', '32.png')",1.0,0.9691994661432085
"('27.png', '33.png')",1.0,0.9278488274084261
"('27.png', '34.png')",1.0,0.9691994661432085
"('27.png', '35.png')",1.0,0.9112442003915581
"('27.png', '36.png')",1.0,0.9691994661432085
"('27.png', '37.png')",1.0,0.9691994661432085
"('27.png', '38.png')",1.0,0.9637469333041363
"('27.png', '39.png')",1.0,0.9691994661432085
"('27.png', '40.png')",1.0,0.9691994661432085
"('27.png', '41.png')",1.0,0.911112240763583
"('27.png', '42.png')",1.0,0.9443074897593978
"('27.png', '43.png')",1.0,0.9532682305555339
"('27.png', '44.png')",1.0,0.9691994661432085
"('27.png', '45.png')",1.0,0.9301484198105666
"('27.png', '46.png')",1.0,0.9570262829758923
"('27.png', '47.png')",1.0,0.9428023427465894
"('27.png', '48.png')",1.0,0.9667769262572605
"('27.png', '49.png')",1.0,0.9035708330978419
"('27.png', '50.png')",1.0,0.9636927943210515
"('27.png', '51.png')",0.9967105263157895,0.9389895673085147
"('27.png', '52.png')",1.0,0.9276008737179592
"('27.png', '53.png')",1.0,0.9196545191048785
"('27.png', '54.png')",1.0,0.9691994661432085
"('27.png', '55.png')",1.0,0.9691994661432085
"('27.png', '56.png')",1.0,0.957557427137219
"('27.png', '57.png')",1.0,0.9691994661432085
"('27.png', '58.png')",1.0,0.8717427905907561
"('27.png', '59.png')",1.0,0.9449987700003808
"('27.png', '60.png')",0.9973404255319149,0.970752513947744
"('27.png', '61.png')",1.0,0.9691994661432085
"('27.png', '62.png')",1.0,0.9691994661432085
"('27.png', '63.png')",1.0,0.9593496003516333
"('27.png', '64.png')",1.0,0.9670412140134045
"('28.png', '29.png')",1.0,0.9251485478041759
"('28.png', '30.png')",1.0,0.9833925746638483
"('28.png', '31.png')",0.9975,0.9703937257118783
"('28.png', '32.png')",1.0,0.977934064952105
"('28.png', '33.png')",1.0,0.9365834262173228
"('28.png', '34.png')",1.0,0.977934064952105
"('28.png', '35.png')",1.0,0.9199787992004547
"('28.png', '36.png')",1.0,0.977934064952105
"('28.png', '37.png')",1.0,0.977934064952105
"('28.png', '38.png')",0.9921875,0.9744625620925299
"('28.png', '39.png')",1.0,0.977934064952105
"('28.png', '40.png')",1.0,0.977934064952105
"('28.png', '41.png')",1.0,0.9198468395724796
"('28.png', '42.png')",0.9972972972972973,0.9530420885682943
"('28.png', '43.png')",1.0,0.9617776382099793
"('28.png', '44.png')",1.0,0.977934064952105
"('28.png', '45.png')",1.0,0.9388830186194631
"('28.png', '46.png')",1.0,0.9646298417484364
"('28.png', '47.png')",1.0,0.9453305903980972
"('28.png', '48.png')",1.0,0.9755115250661572
"('28.png', '49.png')",1.0,0.908943847439483
"('28.png', '50.png')",1.0,0.9724177726882797
"('28.png', '51.png')",0.9965986394557823,0.9350240115317274
"('28.png', '52.png')",1.0,0.9327425866304347
"('28.png', '53.png')",1.0,0.9239291788024747
"('28.png', '54.png')",1.0,0.977934064952105
"('28.png', '55.png')",1.0,0.977934064952105
"('28.png', '56.png')",0.9948453608247423,0.9662920259461155
"('28.png', '57.png')",1.0,0.977934064952105
"('28.png', '58.png')",0.9924528301886792,0.8734974466544007
"('28.png', '59.png')",1.0,0.9537333688092775
"('28.png', '60.png')",1.0,0.9803462549965861
"('28.png', '61.png')",1.0,0.977934064952105
"('28.png', '62.png')",1.0,0.977934064952105
"('28.png', '63.png')",0.9950738916256158,0.9671075704276685
"('28.png', '64.png')",0.9949109414758269,0.9757758128223012
"('29.png', '30.png')",1.0,0.930298505282714
"('29.png', '31.png')",0.9970588235294118,0.9396633920984891
"('29.png', '32.png')",0.9970059880239521,0.9472037313387158
"('29.png', '33.png')",1.0,0.9179984411254334
"('29.png', '34.png')",0.9970059880239521,0.9472037313387158
"('29.png', '35.png')",1.0,0.8896089774609007
"('29.png', '36.png')",0.9970059880239521,0.9472037313387158
"('29.png', '37.png')",0.9970059880239521,0.9472037313387158
"('29.png', '38.png')",1.0,0.9223691668214388
"('29.png', '39.png')",0.9970059880239521,0.9472037313387158
"('29.png', '40.png')",0.9970059880239521,0.9472037313387158
"('29.png', '41.png')",1.0,0.8891165059590902
"('29.png', '42.png')",1.0,0.9347913034163872
"('29.png', '43.png')",1.0,0.9306923097586038
"('29.png', '44.png')",0.9970059880239521,0.9472037313387158
"('29.png', '45.png')",1.0,0.9273156840529447
"('29.png', '46.png')",1.0,0.9336663392917494
"('29.png', '47.png')",1.0,0.9138079632223226
"('29.png', '48.png')",0.9940652818991098,0.9447811914527678
"('29.png', '49.png')",1.0,0.8757287832729416
"('29.png', '50.png')",1.0,0.9416874390748903
"('29.png', '51.png')",0.9967320261437909,0.8992976523144934
"('29.png', '52.png')",1.0,0.8987345096700897
"('29.png', '53.png')",1.0,0.9038857834891784
"('29.png', '54.png')",0.9970059880239521,0.9472037313387158
"('29.png', '55.png')",0.9970059880239521,0.9472037313387158
"('29.png', '56.png')",1.0,0.9375791117879396
"('29.png', '57.png')",0.9970059880239521,0.9472037313387158
"('29.png', '58.png')",1.0,0.8696589931498203
"('29.png', '59.png')",1.0,0.9230030351958883
"('29.png', '60.png')",1.0,0.9322547243394582
"('29.png', '61.png')",0.9970059880239521,0.9472037313387158
"('29.png', '62.png')",0.9970059880239521,0.9472037313387158
"('29.png', '63.png')",1.0,0.936358438347642
"('29.png', '64.png')",1.0,0.9450454792089117
"('30.png', '31.png')",1.0,0.9755350383566267
"('30.png', '32.png')",1.0,0.9830753775968534
"('30.png', '33.png')",1.0,0.9424808472772681
"('30.png', '34.png')",1.0,0.9830753775968534
"('30.png', '35.png')",1.0,0.925159724454077
"('30.png', '36.png')",1.0,0.9830753775968534
"('30.png', '37.png')",1.0,0.9830753775968534
"('30.png', '38.png')",1.0,0.9755730191618802
"('30.png', '39.png')",1.0,0.9830753775968534
"('30.png', '40.png')",1.0,0.9830753775968534
"('30.png', '41.png')",1.0,0.9249881522172277
"('30.png', '42.png')",1.0,0.9581834012130427
"('30.png', '43.png')",1.0,0.9665794463489382
"('30.png', '44.png')",1.0,0.9830753775968534
"('30.png', '45.png')",1.0,0.9440243312642114
"('30.png', '46.png')",1.0,0.9698042618825932
"('30.png', '47.png')",1.0,0.9546101409659897
"('30.png', '48.png')",1.0,0.9806528377109055
"('30.png', '49.png')",1.0,0.9152587145804342
"('30.png', '50.png')",1.0,0.9775590853330277
"('30.png', '51.png')",0.9966887417218543,0.9420715896415429
"('30.png', '52.png')",1.0,0.9366112413555512
"('30.png', '53.png')",1.0,0.9302299992457161
"('30.png', '54.png')",1.0,0.9830753775968534
"('30.png', '55.png')",1.0,0.9830753775968534
"('30.png', '56.png')",1.0,0.9714333385908637
"('30.png', '57.png')",1.0,0.9830753775968534
"('30.png', '58.png')",1.0,0.8759450123440541
"('30.png', '59.png')",1.0,0.9595178386167075
"('30.png', '60.png')",0.9975609756097561,0.9838311755536001
"('30.png', '61.png')",1.0,0.9830753775968534
"('30.png', '62.png')",1.0,0.9830753775968534
"('30.png', '63.png')",0.9950248756218906,0.9722376292713836
"('30.png', '64.png')",0.98989898989899,0.9809171254670493
"('31.png', '32.png')",1.0,0.9924596607597733
"('31.png', '33.png')",0.9968944099378882,0.9511090220249909
"('31.png', '34.png')",1.0,0.9924596607597733
"('31.png', '35.png')",0.9917355371900827,0.9351601523352154
"('31.png', '36.png')",1.0,0.9924596607597733
"('31.png', '37.png')",1.0,0.9924596607597733
"('31.png', '38.png')",1.0,0.9675247214437349
"('31.png', '39.png')",1.0,0.9924596607597733
"('31.png', '40.png')",1.0,0.9924596607597733
"('31.png', '41.png')",0.9841269841269841,0.9345211414922411
"('31.png', '42.png')",0.9972222222222222,0.9675676843759629
"('31.png', '43.png')",0.9943977591036415,0.9759482391796617
"('31.png', '44.png')",1.0,0.9924596607597733
"('31.png', '45.png')",0.9945205479452055,0.9534410234605223
"('31.png', '46.png')",0.9976580796252927,0.9790881450414046
"('31.png', '47.png')",0.9967532467532467,0.9588344357887472
"('31.png', '48.png')",1.0,0.9900371208738256
"('31.png', '49.png')",1.0,0.9240564234997731
"('31.png', '50.png')",0.9976303317535545,0.986943368495948
"('31.png', '51.png')",0.993127147766323,0.9386706962286301
"('31.png', '52.png')",0.9937888198757764,0.9438836730852471
"('31.png', '53.png')",1.0,0.9303055271114422
"('31.png', '54.png')",1.0,0.9924596607597733
"('31.png', '55.png')",1.0,0.9924596607597733
"('31.png', '56.png')",1.0,0.9808283608878634
"('31.png', '57.png')",1.0,0.9924596607597733
"('31.png', '58.png')",1.0,0.8822309500410714
"('31.png', '59.png')",0.9937106918238994,0.9686281196042232
"('31.png', '60.png')",1.0,0.9774916194553089
"('31.png', '61.png')",1.0,0.9924596607597733
"('31.png', '62.png')",1.0,0.9924596607597733
"('31.png', '63.png')",1.0,0.9816143677686995
"('31.png', '64.png')",1.0,0.9903014086299695
"('32.png', '33.png')",1.0,0.9586493612652176
"('32.png', '34.png')",1.0,1.0
"('32.png', '35.png')",0.9956521739130435,0.9420447342483497
"('32.png', '36.png')",1.0,1.0
"('32.png', '37.png')",1.0,1.0
"('32.png', '38.png')",1.0,0.9750650606839614
"('32.png', '39.png')",1.0,1.0
"('32.png', '40.png')",1.0,1.0
"('32.png', '41.png')",0.9943502824858758,0.9419127746203745
"('32.png', '42.png')",1.0,0.9751080236161894
"('32.png', '43.png')",1.0,0.9834885784198882
"('32.png', '44.png')",1.0,1.0
"('32.png', '45.png')",1.0,0.960948953667358
"('32.png', '46.png')",1.0,0.9864626079530335
"('32.png', '47.png')",0.9965397923875432,0.9662117324421188
"('32.png', '48.png')",1.0,0.997577460114052
"('32.png', '49.png')",1.0,0.9285250519342257
"('32.png', '50.png')",1.0,0.9944837077361744
"('32.png', '51.png')",1.0,0.9460174504371762
"('32.png', '52.png')",1.0,0.9513355719168303
"('32.png', '53.png')",1.0,0.9377082249061681
"('32.png', '54.png')",1.0,1.0
"('32.png', '55.png')",1.0,1.0
"('32.png', '56.png')",1.0,0.9883579609940104
"('32.png', '57.png')",1.0,1.0
"('32.png', '58.png')",1.0,0.8870774662712265
"('32.png', '59.png')",0.9966996699669967,0.9757993038571725
"('32.png', '60.png')",1.0,0.9850319586955353
"('32.png', '61.png')",1.0,1.0
"('32.png', '62.png')",1.0,1.0
"('32.png', '63.png')",1.0,0.9891547070089262
"('32.png', '64.png')",1.0,0.9978417478701961
"('33.png', '34.png')",1.0,0.9586493612652176
"('33.png', '35.png')",0.9961832061068703,0.916244986852138
"('33.png', '36.png')",1.0,0.9586493612652176
"('33.png', '37.png')",1.0,0.9586493612652176
"('33.png', '38.png')",0.9970149253731343,0.9337144219491792
"('33.png', '39.png')",1.0,0.9586493612652176
"('33.png', '40.png')",1.0,0.9586493612652176
"('33.png', '41.png')",1.0,0.9030817575400318
"('33.png', '42.png')",1.0,0.9407705344113219
"('33.png', '43.png')",1.0,0.9421379396851058
"('33.png', '44.png')",1.0,0.9586493612652176
"('33.png', '45.png')",1.0,0.928850843551236
"('33.png', '46.png')",1.0,0.9451119692182511
"('33.png', '47.png')",1.0,0.9345037974280034
"('33.png', '48.png')",1.0,0.9565951894237763
"('33.png', '49.png')",1.0,0.893260602474338
"('33.png', '50.png')",1.0,0.953133069001392
"('33.png', '51.png')",1.0,0.907158745894835
"('33.png', '52.png')",1.0,0.9100127747798191
"('33.png', '53.png')",1.0,0.9134195265833268
"('33.png', '54.png')",1.0,0.9586493612652176
"('33.png', '55.png')",1.0,0.9586493612652176
"('33.png', '56.png')",1.0,0.9502889047079778
"('33.png', '57.png')",1.0,0.9586493612652176
"('33.png', '58.png')",1.0,0.8626220767430693
"('33.png', '59.png')",1.0,0.9444872357272794
"('33.png', '60.png')",1.0,0.9442277726180014
"('33.png', '61.png')",1.0,0.9586493612652176
"('33.png', '62.png')",1.0,0.9586493612652176
"('33.png', '63.png')",1.0,0.9503071788288305
"('33.png', '64.png')",0.9934426229508196,0.9564911091354137
"('34.png', '35.png')",0.9956521739130435,0.9420447342483497
"('34.png', '36.png')",1.0,1.0
"('34.png', '37.png')",1.0,1.0
"('34.png', '38.png')",1.0,0.9750650606839614
"('34.png', '39.png')",1.0,1.0
"('34.png', '40.png')",1.0,1.0
"('34.png', '41.png')",0.9943502824858758,0.9419127746203745
"('34.png', '42.png')",1.0,0.9751080236161894
"('34.png', '43.png')",1.0,0.9834885784198882
"('34.png', '44.png')",1.0,1.0
"('34.png', '45.png')",1.0,0.960948953667358
"('34.png', '46.png')",1.0,0.9864626079530335
"('34.png', '47.png')",0.9965397923875432,0.9662117324421188
"('34.png', '48.png')",1.0,0.997577460114052
"('34.png', '49.png')",1.0,0.9285250519342257
"('34.png', '50.png')",1.0,0.9944837077361744
"('34.png', '51.png')",1.0,0.9460174504371762
"('34.png', '52.png')",1.0,0.9513355719168303
"('34.png', '53.png')",1.0,0.9377082249061681
"('34.png', '54.png')",1.0,1.0
"('34.png', '55.png')",1.0,1.0
"('34.png', '56.png')",1.0,0.9883579609940104
"('34.png', '57.png')",1.0,1.0
"('34.png', '58.png')",1.0,0.8870774662712265
"('34.png', '59.png')",0.9966996699669967,0.9757993038571725
"('34.png', '60.png')",1.0,0.9850319586955353
"('34.png', '61.png')",1.0,1.0
"('34.png', '62.png')",1.0,1.0
"('34.png', '63.png')",1.0,0.9891547070089262
"('34.png', '64.png')",1.0,0.9978417478701961
"('35.png', '36.png')",0.9956521739130435,0.9420447342483497
"('35.png', '37.png')",0.9956521739130435,0.9420447342483497
"('35.png', '38.png')",0.996031746031746,0.917109794932311
"('35.png', '39.png')",0.9956521739130435,0.9420447342483497
"('35.png', '40.png')",0.9956521739130435,0.9420447342483497
"('35.png', '41.png')",1.0,0.9069869264290178
"('35.png', '42.png')",1.0,0.9197924037963104
"('35.png', '43.png')",0.996031746031746,0.9255333126682377
"('35.png', '44.png')",0.9956521739130435,0.9420447342483497
"('35.png', '45.png')",1.0,0.9030356993569716
"('35.png', '46.png')",1.0,0.9285073422013833
"('35.png', '47.png')",1.0,0.9158516272764513
"('35.png', '48.png')",0.9956709956709957,0.9396221943624017
"('35.png', '49.png')",1.0,0.8718007828380957
"('35.png', '50.png')",1.0,0.936528441984524
"('35.png', '51.png')",1.0,0.8885718602653748
"('35.png', '52.png')",1.0,0.8937473529599963
"('35.png', '53.png')",1.0,0.8839955683914144
"('35.png', '54.png')",0.9956521739130435,0.9420447342483497
"('35.png', '55.png')",0.9956521739130435,0.9420447342483497
"('35.png', '56.png')",1.0,0.9348807097281203
"('35.png', '57.png')",0.9956521739130435,0.9420447342483497
"('35.png', '58.png')",1.0,0.8355723364989842
"('35.png', '59.png')",1.0,0.9298779871677496
"('35.png', '60.png')",1.0,0.9271188085007873
"('35.png', '61.png')",0.9956521739130435,0.9420447342483497
"('35.png', '62.png')",0.9956521739130435,0.9420447342483497
"('35.png', '63.png')",1.0,0.9312251558443597
"('35.png', '64.png')",0.9872340425531915,0.9398864821185455
"('36.png', '37.png')",1.0,1.0
"('36.png', '38.png')",1.0,0.9750650606839614
"('36.png', '39.png')",1.0,1.0
"('36.png', '40.png')",1.0,1.0
"('36.png', '41.png')",0.9943502824858758,0.9419127746203745
"('36.png', '42.png')",1.0,0.9751080236161894
"('36.png', '43.png')",1.0,0.9834885784198882
"('36.png', '44.png')",1.0,1.0
"('36.png', '45.png')",1.0,0.960948953667358
"('36.png', '46.png')",1.0,0.9864626079530335
"('36.png', '47.png')",0.9965397923875432,0.9662117324421188
"('36.png', '48.png')",1.0,0.997577460114052
"('36.png', '49.png')",1.0,0.9285250519342257
"('36.png', '50.png')",1.0,0.9944837077361744
"('36.png', '51.png')",1.0,0.9460174504371762
"('36.png', '52.png')",1.0,0.9513355719168303
"('36.png', '53.png')",1.0,0.9377082249061681
"('36.png', '54.png')",1.0,1.0
"('36.png', '55.png')",1.0,1.0
"('36.png', '56.png')",1.0,0.9883579609940104
"('36.png', '57.png')",1.0,1.0
"('36.png', '58.png')",1.0,0.8870774662712265
"('36.png', '59.png')",0.9966996699669967,0.9757993038571725
"('36.png', '60.png')",1.0,0.9850319586955353
"('36.png', '61.png')",1.0,1.0
"('36.png', '62.png')",1.0,1.0
"('36.png', '63.png')",1.0,0.9891547070089262
"('36.png', '64.png')",1.0,0.9978417478701961
"('37.png', '38.png')",1.0,0.9750650606839614
"('37.png', '39.png')",1.0,1.0
"('37.png', '40.png')",1.0,1.0
"('37.png', '41.png')",0.9943502824858758,0.9419127746203745
"('37.png', '42.png')",1.0,0.9751080236161894
"('37.png', '43.png')",1.0,0.9834885784198882
"('37.png', '44.png')",1.0,1.0
"('37.png', '45.png')",1.0,0.960948953667358
"('37.png', '46.png')",1.0,0.9864626079530335
"('37.png', '47.png')",0.9965397923875432,0.9662117324421188
"('37.png', '48.png')",1.0,0.997577460114052
"('37.png', '49.png')",1.0,0.9285250519342257
"('37.png', '50.png')",1.0,0.9944837077361744
"('37.png', '51.png')",1.0,0.9460174504371762
"('37.png', '52.png')",1.0,0.9513355719168303
"('37.png', '53.png')",1.0,0.9377082249061681
"('37.png', '54.png')",1.0,1.0
"('37.png', '55.png')",1.0,1.0
"('37.png', '56.png')",1.0,0.9883579609940104
"('37.png', '57.png')",1.0,1.0
"('37.png', '58.png')",1.0,0.8870774662712265
"('37.png', '59.png')",0.9966996699669967,0.9757993038571725
"('37.png', '60.png')",1.0,0.9850319586955353
"('37.png', '61.png')",1.0,1.0
"('37.png', '62.png')",1.0,1.0
"('37.png', '63.png')",1.0,0.9891547070089262
"('37.png', '64.png')",1.0,0.9978417478701961
"('38.png', '39.png')",1.0,0.9750650606839614
"('38.png', '40.png')",1.0,0.9750650606839614
"('38.png', '41.png')",0.9951219512195122,0.9169778353043357
"('38.png', '42.png')",0.994535519125683,0.9501730843001509
"('38.png', '43.png')",1.0,0.9589619923298378
"('38.png', '44.png')",1.0,0.9750650606839614
"('38.png', '45.png')",1.0,0.9360140143513194
"('38.png', '46.png')",1.0,0.9620408160067058
"('38.png', '47.png')",1.0,0.9497737669162353
"('38.png', '48.png')",1.0,0.9726425207980135
"('38.png', '49.png')",1.0,0.906384378246678
"('38.png', '50.png')",1.0,0.9695487684201359
"('38.png', '51.png')",0.9967637540453075,0.9372497372746175
"('38.png', '52.png')",0.9969879518072289,0.9385229531409278
"('38.png', '53.png')",0.9967741935483871,0.923255185225749
"('38.png', '54.png')",1.0,0.9750650606839614
"('38.png', '55.png')",1.0,0.9750650606839614
"('38.png', '56.png')",0.9945504087193461,0.9634230216779717
"('38.png', '57.png')",1.0,0.9750650606839614
"('38.png', '58.png')",1.0,0.8701292742822067
"('38.png', '59.png')",0.9908256880733946,0.9508643645411339
"('38.png', '60.png')",1.0,0.9700928915604865
"('38.png', '61.png')",1.0,0.9750650606839614
"('38.png', '62.png')",1.0,0.9750650606839614
"('38.png', '63.png')",0.9919786096256684,0.9642197676928874
"('38.png', '64.png')",0.9918478260869565,0.9729068085541575
"('39.png', '40.png')",1.0,1.0
"('39.png', '41.png')",0.9943502824858758,0.9419127746203745
"('39.png', '42.png')",1.0,0.9751080236161894
"('39.png', '43.png')",1.0,0.9834885784198882
"('39.png', '44.png')",1.0,1.0
"('39.png', '45.png')",1.0,0.960948953667358
"('39.png', '46.png')",1.0,0.9864626079530335
"('39.png', '47.png')",0.9965397923875432,0.9662117324421188
"('39.png', '48.png')",1.0,0.997577460114052
"('39.png', '49.png')",1.0,0.9285250519342257
"('39.png', '50.png')",1.0,0.9944837077361744
"('39.png', '51.png')",1.0,0.9460174504371762
"('39.png', '52.png')",1.0,0.9513355719168303
"('39.png', '53.png')",1.0,0.9377082249061681
"('39.png', '54.png')",1.0,1.0
"('39.png', '55.png')",1.0,1.0
"('39.png', '56.png')",1.0,0.9883579609940104
"('39.png', '57.png')",1.0,1.0
"('39.png', '58.png')",1.0,0.8870774662712265
"('39.png', '59.png')",0.9966996699669967,0.9757993038571725
"('39.png', '60.png')",1.0,0.9850319586955353
"('39.png', '61.png')",1.0,1.0
"('39.png', '62.png')",1.0,1.0
"('39.png', '63.png')",1.0,0.9891547070089262
"('39.png', '64.png')",1.0,0.9978417478701961
"('40.png', '41.png')",0.9943502824858758,0.9419127746203745
"('40.png', '42.png')",1.0,0.9751080236161894
"('40.png', '43.png')",1.0,0.9834885784198882
"('40.png', '44.png')",1.0,1.0
"('40.png', '45.png')",1.0,0.960948953667358
"('40.png', '46.png')",1.0,0.9864626079530335
"('40.png', '47.png')",0.9965397923875432,0.9662117324421188
"('40.png', '48.png')",1.0,0.997577460114052
"('40.png', '49.png')",1.0,0.9285250519342257
"('40.png', '50.png')",1.0,0.9944837077361744
"('40.png', '51.png')",1.0,0.9460174504371762
"('40.png', '52.png')",1.0,0.9513355719168303
"('40.png', '53.png')",1.0,0.9377082249061681
"('40.png', '54.png')",1.0,1.0
"('40.png', '55.png')",1.0,1.0
"('40.png', '56.png')",1.0,0.9883579609940104
"('40.png', '57.png')",1.0,1.0
"('40.png', '58.png')",1.0,0.8870774662712265
"('40.png', '59.png')",0.9966996699669967,0.9757993038571725
"('40.png', '60.png')",1.0,0.9850319586955353
"('40.png', '61.png')",1.0,1.0
"('40.png', '62.png')",1.0,1.0
"('40.png', '63.png')",1.0,0.9891547070089262
"('40.png', '64.png')",1.0,0.9978417478701961
"('41.png', '42.png')",1.0,0.9206892940486829
"('41.png', '43.png')",1.0,0.9254013530402627
"('41.png', '44.png')",0.9943502824858758,0.9419127746203745
"('41.png', '45.png')",1.0,0.9028617282877326
"('41.png', '46.png')",0.9844559585492227,0.9283753825734079
"('41.png', '47.png')",1.0,0.9126657733827738
"('41.png', '48.png')",0.994413407821229,0.9397143536012956
"('41.png', '49.png')",1.0,0.8719793634549684
"('41.png', '50.png')",0.9943502824858758,0.936396482356549
"('41.png', '51.png')",1.0,0.8886489694252285
"('41.png', '52.png')",1.0,0.8938709097451825
"('41.png', '53.png')",1.0,0.888439244254561
"('41.png', '54.png')",0.9943502824858758,0.9419127746203745
"('41.png', '55.png')",0.9943502824858758,0.9419127746203745
"('41.png', '56.png')",1.0,0.9305989303637014
"('41.png', '57.png')",0.9943502824858758,0.9419127746203745
"('41.png', '58.png')",1.0,0.8358090456032056
"('41.png', '59.png')",1.0,0.9206360929282448
"('41.png', '60.png')",1.0,0.9269447333159099
"('41.png', '61.png')",0.9943502824858758,0.9419127746203745
"('41.png', '62.png')",0.9943502824858758,0.9419127746203745
"('41.png', '63.png')",0.9893617021276596,0.9313096593965046
"('41.png', '64.png')",0.9833333333333333,0.9397545224905706
"('42.png', '43.png')",1.0,0.9585966020360775
"('42.png', '44.png')",1.0,0.9751080236161894
"('42.png', '45.png')",1.0,0.9468694013731488
"('42.png', '46.png')",1.0,0.9615895604922514
"('42.png', '47.png')",1.0,0.9482792985472414
"('42.png', '48.png')",1.0,0.9730357072859995
"('42.png', '49.png')",1.0,0.9037052785735907
"('42.png', '50.png')",1.0,0.9695917313523639
"('42.png', '51.png')",1.0,0.9303599506104061
"('42.png', '52.png')",1.0,0.9287838015397488
"('42.png', '53.png')",1.0,0.9364040434809885
"('42.png', '54.png')",1.0,0.9751080236161894
"('42.png', '55.png')",1.0,0.9751080236161894
"('42.png', '56.png')",0.9971830985915493,0.9634659846101997
"('42.png', '57.png')",1.0,0.9751080236161894
"('42.png', '58.png')",1.0,0.8852710569295666
"('42.png', '59.png')",0.9939759036144579,0.9509073274733616
"('42.png', '60.png')",0.9973045822102425,0.9601443630277763
"('42.png', '61.png')",1.0,0.9751080236161894
"('42.png', '62.png')",1.0,0.9751080236161894
"('42.png', '63.png')",1.0,0.9677998245492511
"('42.png', '64.png')",0.9943820224719101,0.9729497714863854
"('43.png', '44.png')",1.0,0.9834885784198882
"('43.png', '45.png')",1.0,0.944437532087246
"('43.png', '46.png')",1.0,0.9699511863729215
"('43.png', '47.png')",0.9967637540453075,0.9497003108620068
"('43.png', '48.png')",1.0,0.9810660385339404
"('43.png', '49.png')",0.9967213114754099,0.9120136303541138
"('43.png', '50.png')",1.0,0.9816141158476038
"('43.png', '51.png')",1.0,0.9344372768810348
"('43.png', '52.png')",1.0,0.9373506146578339
"('43.png', '53.png')",1.0,0.9211968033260561
"('43.png', '54.png')",1.0,0.9834885784198882
"('43.png', '55.png')",1.0,0.9834885784198882
"('43.png', '56.png')",1.0,0.9718465394138985
"('43.png', '57.png')",1.0,0.9834885784198882
"('43.png', '58.png')",1.0,0.873603569995693
"('43.png', '59.png')",1.0,0.9592878822770606
"('43.png', '60.png')",1.0,0.9685556650363606
"('43.png', '61.png')",1.0,0.9834885784198882
"('43.png', '62.png')",1.0,0.9834885784198882
"('43.png', '63.png')",1.0,0.9726432854288142
"('43.png', '64.png')",0.9943342776203966,0.9813303262900842
"('44.png', '45.png')",1.0,0.960948953667358
"('44.png', '46.png')",1.0,0.9864626079530335
"('44.png', '47.png')",0.9965397923875432,0.9662117324421188
"('44.png', '48.png')",1.0,0.997577460114052
"('44.png', '49.png')",1.0,0.9285250519342257
"('44.png', '50.png')",1.0,0.9944837077361744
"('44.png', '51.png')",1.0,0.9460174504371762
"('44.png', '52.png')",1.0,0.9513355719168303
"('44.png', '53.png')",1.0,0.9377082249061681
"('44.png', '54.png')",1.0,1.0
"('44.png', '55.png')",1.0,1.0
"('44.png', '56.png')",1.0,0.9883579609940104
"('44.png', '57.png')",1.0,1.0
"('44.png', '58.png')",1.0,0.8870774662712265
"('44.png', '59.png')",0.9966996699669967,0.9757993038571725
"('44.png', '60.png')",1.0,0.9850319586955353
"('44.png', '61.png')",1.0,1.0
"('44.png', '62.png')",1.0,1.0
"('44.png', '63.png')",1.0,0.9891547070089262
"('44.png', '64.png')",1.0,0.9978417478701961
"('45.png', '46.png')",1.0,0.9474115616203914
"('45.png', '47.png')",1.0,0.9271606861094767
"('45.png', '48.png')",1.0,0.9585264137814101
"('45.png', '49.png')",1.0,0.8898687382647134
"('45.png', '50.png')",1.0,0.9554326614035326
"('45.png', '51.png')",1.0,0.9074979201549263
"('45.png', '52.png')",1.0,0.9122845255841883
"('45.png', '53.png')",1.0,0.9227076727774198
"('45.png', '54.png')",1.0,0.960948953667358
"('45.png', '55.png')",1.0,0.960948953667358
"('45.png', '56.png')",1.0,0.9493069146613685
"('45.png', '57.png')",1.0,0.960948953667358
"('45.png', '58.png')",1.0,0.8925444041901519
"('45.png', '59.png')",1.0,0.936809754315253
"('45.png', '60.png')",1.0,0.9459809123628936
"('45.png', '61.png')",1.0,0.960948953667358
"('45.png', '62.png')",1.0,0.960948953667358
"('45.png', '63.png')",1.0,0.9501036606762842
"('45.png', '64.png')",0.9944444444444445,0.9587907015375542
"('46.png', '47.png')",1.0,0.9675980214464456
"('46.png', '48.png')",1.0,0.9840400680670855
"('46.png', '49.png')",0.9968652037617555,0.9305631860745868
"('46.png', '50.png')",0.9975429975429976,0.9809463156892079
"('46.png', '51.png')",0.9965870307167235,0.933313855057893
"('46.png', '52.png')",0.9970149253731343,0.949720838488305
"('46.png', '53.png')",1.0,0.9246903969820011
"('46.png', '54.png')",1.0,0.9864626079530335
"('46.png', '55.png')",1.0,0.9864626079530335
"('46.png', '56.png')",1.0,0.9748205689470438
"('46.png', '57.png')",1.0,0.9864626079530335
"('46.png', '58.png')",1.0,0.8742713314906053
"('46.png', '59.png')",1.0,0.9622619118102061
"('46.png', '60.png')",1.0,0.9714945666485688
"('46.png', '61.png')",1.0,0.9864626079530335
"('46.png', '62.png')",1.0,0.9864626079530335
"('46.png', '63.png')",0.9976190476190476,0.9759131379733691
"('46.png', '64.png')",0.9976076555023924,0.9843043558232295
"('47.png', '48.png')",0.9965870307167235,0.9637891925561708
"('47.png', '49.png')",1.0,0.9093376171671314
"('47.png', '50.png')",1.0,0.9606954401782932
"('47.png', '51.png')",1.0,0.9232946929003893
"('47.png', '52.png')",1.0,0.927423049389339
"('47.png', '53.png')",1.0,0.9183403367613275
"('47.png', '54.png')",0.9965397923875432,0.9662117324421188
"('47.png', '55.png')",0.9965397923875432,0.9662117324421188
"('47.png', '56.png')",1.0,0.958067604866062
"('47.png', '57.png')",0.9965397923875432,0.9662117324421188
"('47.png', '58.png')",1.0,0.8647148344569106
"('47.png', '59.png')",1.0,0.9482239964977713
"('47.png', '60.png')",1.0,0.9518673692718874
"('47.png', '61.png')",0.9965397923875432,0.9662117324421188
"('47.png', '62.png')",0.9965397923875432,0.9662117324421188
"('47.png', '63.png')",1.0,0.9582353165841876
"('47.png', '64.png')",1.0,0.9640534803123147
"('48.png', '49.png')",1.0,0.9262590600586437
"('48.png', '50.png')",1.0,0.9920611678502267
"('48.png', '51.png')",1.0,0.9435949105512282
"('48.png', '52.png')",1.0,0.9490780333304293
"('48.png', '53.png')",1.0,0.9354667192847973
"('48.png', '54.png')",1.0,0.997577460114052
"('48.png', '55.png')",1.0,0.997577460114052
"('48.png', '56.png')",1.0,0.9859354211080625
"('48.png', '57.png')",1.0,0.997577460114052
"('48.png', '58.png')",1.0,0.8848678646359182
"('48.png', '59.png')",0.9967320261437909,0.9733767639712245
"('48.png', '60.png')",1.0,0.9826094188095874
"('48.png', '61.png')",1.0,0.997577460114052
"('48.png', '62.png')",1.0,0.997577460114052
"('48.png', '63.png')",1.0,0.9871696404786204
"('48.png', '64.png')",1.0,0.9954192079842482
"('49.png', '50.png')",1.0,0.9230087596704002
"('49.png', '51.png')",1.0,0.87797598968967
"('49.png', '52.png')",1.0,0.9036403390630364
"('49.png', '53.png')",1.0,0.8697067526536385
"('49.png', '54.png')",1.0,0.9285250519342257
"('49.png', '55.png')",1.0,0.9285250519342257
"('49.png', '56.png')",1.0,0.917076387554509
"('49.png', '57.png')",1.0,0.9285250519342257
"('49.png', '58.png')",1.0,0.8245882000285581
"('49.png', '59.png')",1.0,0.912682289588874
"('49.png', '60.png')",1.0,0.9144620619499445
"('49.png', '61.png')",1.0,0.9285250519342257
"('49.png', '62.png')",1.0,0.9285250519342257
"('49.png', '63.png')",1.0,0.918921271850692
"('49.png', '64.png')",1.0,0.9263667998044217
"('50.png', '51.png')",1.0,0.9408824770913286
"('50.png', '52.png')",1.0,0.9463721230291279
"('50.png', '53.png')",1.0,0.9321919326423428
"('50.png', '54.png')",1.0,0.9944837077361744
"('50.png', '55.png')",1.0,0.9944837077361744
"('50.png', '56.png')",1.0,0.982841668730185
"('50.png', '57.png')",1.0,0.9944837077361744
"('50.png', '58.png')",1.0,0.8815611740074009
"('50.png', '59.png')",1.0,0.970283011593347
"('50.png', '60.png')",0.9975247524752475,0.97951566643171
"('50.png', '61.png')",1.0,0.9944837077361744
"('50.png', '62.png')",1.0,0.9944837077361744
"('50.png', '63.png')",1.0,0.9836384147451006
"('50.png', '64.png')",0.9954233409610984,0.9923254556063705
"('51.png', '52.png')",1.0,0.9084117218227314
"('51.png', '53.png')",1.0,0.9131876106397235
"('51.png', '54.png')",1.0,0.9460174504371762
"('51.png', '55.png')",1.0,0.9460174504371762
"('51.png', '56.png')",1.0,0.9343754114311867
"('51.png', '57.png')",1.0,0.9460174504371762
"('51.png', '58.png')",1.0,0.8887307046141796
"('51.png', '59.png')",1.0,0.9226440066373868
"('51.png', '60.png')",1.0,0.9400133257199301
"('51.png', '61.png')",1.0,0.9460174504371762
"('51.png', '62.png')",1.0,0.9460174504371762
"('51.png', '63.png')",1.0,0.94151263265241
"('51.png', '64.png')",0.9929328621908127,0.9438591983073724
"('52.png', '53.png')",1.0,0.893668030224422
"('52.png', '54.png')",1.0,0.9513355719168303
"('52.png', '55.png')",1.0,0.9513355719168303
"('52.png', '56.png')",0.9968152866242038,0.9396935329108408
"('52.png', '57.png')",1.0,0.9513355719168303
"('52.png', '58.png')",1.0,0.8456649494294779
"('52.png', '59.png')",1.0,0.9271348757740024
"('52.png', '60.png')",1.0,0.9375592881886918
"('52.png', '61.png')",1.0,0.9513355719168303
"('52.png', '62.png')",1.0,0.9513355719168303
"('52.png', '63.png')",1.0,0.9508640976365866
"('52.png', '64.png')",0.9904458598726115,0.9491773197870262
"('53.png', '54.png')",1.0,0.9377082249061681
"('53.png', '55.png')",1.0,0.9377082249061681
"('53.png', '56.png')",1.0,0.9260661859001788
"('53.png', '57.png')",1.0,0.9377082249061681
"('53.png', '58.png')",1.0,0.8844938090570239
"('53.png', '59.png')",0.9933110367892977,0.9135266097802396
"('53.png', '60.png')",1.0,0.9316472316857394
"('53.png', '61.png')",1.0,0.9377082249061681
"('53.png', '62.png')",1.0,0.9377082249061681
"('53.png', '63.png')",1.0,0.9288733078110841
"('53.png', '64.png')",1.0,0.9355499727763642
"('54.png', '55.png')",1.0,1.0
"('54.png', '56.png')",1.0,0.9883579609940104
"('54.png', '57.png')",1.0,1.0
"('54.png', '58.png')",1.0,0.8870774662712265
"('54.png', '59.png')",0.9966996699669967,0.9757993038571725
"('54.png', '60.png')",1.0,0.9850319586955353
"('54.png', '61.png')",1.0,1.0
"('54.png', '62.png')",1.0,1.0
"('54.png', '63.png')",1.0,0.9891547070089262
"('54.png', '64.png')",1.0,0.9978417478701961
"('55.png', '56.png')",1.0,0.9883579609940104
"('55.png', '57.png')",1.0,1.0
"('55.png', '58.png')",1.0,0.8870774662712265
"('55.png', '59.png')",0.9966996699669967,0.9757993038571725
"('55.png', '60.png')",1.0,0.9850319586955353
"('55.png', '61.png')",1.0,1.0
"('55.png', '62.png')",1.0,1.0
"('55.png', '63.png')",1.0,0.9891547070089262
"('55.png', '64.png')",1.0,0.9978417478701961
"('56.png', '57.png')",1.0,0.9883579609940104
"('56.png', '58.png')",1.0,0.8764826114874397
"('56.png', '59.png')",1.0,0.9670491758549787
"('56.png', '60.png')",0.9975490196078431,0.9733899196895459
"('56.png', '61.png')",1.0,0.9883579609940104
"('56.png', '62.png')",1.0,0.9883579609940104
"('56.png', '63.png')",1.0,0.9775126680029366
"('56.png', '64.png')",1.0,0.9861997088642065
"('57.png', '58.png')",1.0,0.8870774662712265
"('57.png', '59.png')",0.9966996699669967,0.9757993038571725
"('57.png', '60.png')",1.0,0.9850319586955353
"('57.png', '61.png')",1.0,1.0
"('57.png', '62.png')",1.0,1.0
"('57.png', '63.png')",1.0,0.9891547070089262
"('57.png', '64.png')",1.0,0.9978417478701961
"('58.png', '59.png')",1.0,0.8747603488892507
"('58.png', '60.png')",1.0,0.8795340889300695
"('58.png', '61.png')",1.0,0.8870774662712265
"('58.png', '62.png')",1.0,0.8870774662712265
"('58.png', '63.png')",1.0,0.8831775278532188
"('58.png', '64.png')",1.0,0.8849192141414225
"('59.png', '60.png')",1.0,0.9612883095800311
"('59.png', '61.png')",0.9966996699669967,0.9757993038571725
"('59.png', '62.png')",0.9966996699669967,0.9757993038571725
"('59.png', '63.png')",1.0,0.9649540108660984
"('59.png', '64.png')",0.9935064935064936,0.9736410517273685
"('60.png', '61.png')",1.0,0.9850319586955353
"('60.png', '62.png')",1.0,0.9850319586955353
"('60.png', '63.png')",0.9975728155339806,0.9741913599046764
"('60.png', '64.png')",0.9975903614457832,0.9828737065657315
"('61.png', '62.png')",1.0,1.0
"('61.png', '63.png')",1.0,0.9891547070089262
"('61.png', '64.png')",1.0,0.9978417478701961
"('62.png', '63.png')",1.0,0.9891547070089262
"('62.png', '64.png')",1.0,0.9978417478701961
"('63.png', '64.png')",1.0,0.9869964548791222
